experiment,policy,arrival_rate,break_time_s,block_interval_s,legacy_fraction,control_v,verify_budget_per_block,block_bytes,surge_multiplier,exposure_target,attack_rate,vulnerable_cap,pq_max_wait,commit_reveal,commit_bytes,migration_budget,deadline_order,duration_blocks,inclusion_ratio_mean,inclusion_ratio_ci95,at_risk_fraction_mean,at_risk_fraction_ci95,at_risk_fraction_legacy_mean,at_risk_fraction_legacy_ci95,window_mean_s_mean,window_mean_s_ci95,window_p95_s_mean,window_p95_s_ci95,window_legacy_mean_s_mean,window_legacy_mean_s_ci95,window_legacy_p95_s_mean,window_legacy_p95_s_ci95,throughput_tps_mean,throughput_tps_ci95,bytes_per_tx_mean,bytes_per_tx_ci95,mean_pending_tx_mean,mean_pending_tx_ci95,exposure_floor_mean,exposure_floor_ci95,verify_per_tx_mean,verify_per_tx_ci95,share_ecdsa_mean,share_ecdsa_ci95,share_falcon_mean,share_falcon_ci95,share_mldsa_mean,share_mldsa_ci95,share_hybrid_mean,share_hybrid_ci95,inclusion_ratio_pq_mean,inclusion_ratio_pq_ci95,attacker_included_tps_mean,attacker_included_tps_ci95,attacker_block_share_mean,attacker_block_share_ci95,latency_mean_s_mean,latency_mean_s_ci95,commit_bytes_per_tx_mean,commit_bytes_per_tx_ci95,at_risk_fraction_vuln_mean,at_risk_fraction_vuln_ci95,window_vuln_mean_s_mean,window_vuln_mean_s_ci95,window_vuln_p95_s_mean,window_vuln_p95_s_ci95,pending_measured_end_mean,pending_measured_end_ci95
ablation,fee-optimal,32.0,60.0,12.0,0.3,8.0,40000.0,250000.0,4.0,0.02,0.0,1.0,inf,False,100.0,True,True,1100,0.9909423395032183,0.004952866621526722,0.5038300522444084,0.053236074777615806,0.5011138549218432,0.05342782212153685,102.07968049923275,20.04586382767626,302.6666666666667,55.805413344631276,101.64439473760952,20.065390568325743,302.2,55.901659176234176,49.34927777777777,0.977993134756587,355.0,0.0,5173.245176666662,1102.0576467374683,0.0,0.0,1.0,0.0,1.0,0.0,0.0,0.0,0.0,0.0,0.0,0.0,,,0.0,0.0,0.0,0.0,102.07968049923275,20.04586382767626,0.0,0.0,0.5038300522444084,0.053236074777615806,102.07968049923275,20.04586382767626,302.6666666666667,55.805413344631276,5548.433333333333,3125.177827798048
ablation,hybrid-only,32.0,60.0,12.0,0.3,8.0,40000.0,250000.0,4.0,0.02,0.0,1.0,inf,False,100.0,True,True,1100,0.05929895879886759,0.005458469769389304,0.8787346879664263,0.010009355305077804,1.0,0.0,9079.147697596167,289.7902739122763,3599.0,0.0,9077.275450784353,289.25634529688784,3599.0,0.0,2.9583916666666665,0.2873512106867064,2966.152706430363,3.834020803646789,304366.2720566666,7373.659335953731,0.0,0.0,1.489766048901728,0.0007191357348747718,0.2999110453909284,0.0002368970845134066,0.0,0.0,0.0,0.0,0.7000889546090716,0.00023689708451340947,0.059270980429996234,0.005470913167167523,0.0,0.0,0.0,0.0,9079.147697596167,289.7902739122763,0.0,0.0,1.0,0.0,9077.275450784353,289.25634529688784,3599.0,0.0,562239.0666666667,11750.879450976008
ablation,qsentry,32.0,60.0,12.0,0.3,8.0,40000.0,250000.0,4.0,0.02,0.0,1.0,inf,False,100.0,False,True,1100,0.9181121471378073,0.006486015717095684,0.3508481688344739,0.03307166119509155,0.3629255150534215,0.03504313208259752,282.42211545714997,17.563252416510483,1545.0666666666666,311.096886777903,64.39871419691791,8.374310235568272,222.86666666666667,32.021427187306855,45.69080833333333,0.6812600300094958,445.10619911532166,6.279479049413626,27158.068960000015,2754.653789776822,0.0,0.0,0.9721894447174934,0.0019381108177202713,0.865785500718534,0.003606394849833709,0.13421449928146603,0.0036063948498337114,0.0,0.0,0.0,0.0,0.4272840845392668,0.0364442206897336,0.0,0.0,0.0,0.0,282.42211545714997,17.563252416510483,0.0,0.0,0.37304040621302625,0.03400942199071701,65.29754355424043,8.136605923105686,224.33333333333334,31.745403677767683,49450.066666666666,4764.11098740595
ablation,qsentry,32.0,60.0,12.0,0.3,8.0,40000.0,250000.0,4.0,0.02,0.0,1.0,inf,False,100.0,True,False,1100,0.9843618060475651,0.006829187241925229,0.6967820286155405,0.03201986274468829,0.715777430169036,0.03169205579606303,188.79816080883148,31.61617655922415,466.2,64.01037378152003,188.28331061191736,31.668373779554024,465.6666666666667,64.07095621683452,49.034527777777775,1.0797071472950925,386.9750826139709,7.214983826609928,9486.337556666664,1709.723073684735,0.0,0.0,0.990131147341367,0.0022268468600647787,0.9784050246901183,0.0048256119924452116,0.02159497530988175,0.004825611992445212,0.0,0.0,0.0,0.0,0.9962480299349626,0.005468750494931842,0.0,0.0,0.0,0.0,188.79816080883148,31.61617655922415,0.0,0.0,0.7120278559653294,0.032015712526235765,189.01245178218912,31.97131429002035,467.6,64.11891004305437,9325.433333333332,4142.054006917273
ablation,qsentry,32.0,60.0,12.0,0.3,8.0,40000.0,250000.0,4.0,0.02,0.0,1.0,inf,False,100.0,True,True,1100,0.9898753342317107,0.005099645471550503,0.47865500460743526,0.056855024449535746,0.47667208608657513,0.057149960133503,114.90657575698715,20.269396755212227,315.26666666666665,54.01661639470976,97.23463663282105,19.741871857434067,295.3333333333333,55.78817936259589,49.29794166666667,0.9910412785266665,384.52451355718404,6.509831425182442,5893.894996666661,1135.2721622265901,0.0,0.0,0.9908874958156837,0.0020092072299946707,0.9785561874419955,0.0048298891615656744,0.021443812558004552,0.004829889161565679,0.0,0.0,0.0,0.0,0.9433063190481398,0.0282252788581365,0.0,0.0,0.0,0.0,114.90657575698715,20.269396755212227,0.0,0.0,0.4870901377834437,0.05653965268789615,98.89747804591583,19.98490232426976,297.0,55.899044463712485,6164.466666666666,3220.1467333533146
ablation,qsentry-no-vq,32.0,60.0,12.0,0.3,8.0,40000.0,250000.0,4.0,0.02,0.0,1.0,inf,False,100.0,True,True,1100,0.9901685950370832,0.005109654812491637,0.48139447898697496,0.05549617116442747,0.47844859136487383,0.05566880953201779,112.35341965242195,19.79613625677121,311.0,53.49868385952916,96.97947978564171,19.57132659058493,293.73333333333335,55.83276997692893,49.31116111111111,0.9820829729899039,381.31767816671436,6.586981670550469,5827.28757333333,1131.145003094028,0.0,0.0,0.991877259825088,0.0020330190341205454,0.9809795679307041,0.00476216855796745,0.019020432069296024,0.004762168557967448,0.0,0.0,0.0,0.0,0.9469665519952906,0.027215313070065448,0.0,0.0,0.0,0.0,112.35341965242195,19.79613625677121,0.0,0.0,0.4888093939762921,0.0549972917687347,98.56760076807845,19.804062914671107,295.06666666666666,55.80727429626109,6005.833333333333,3231.889848227556
aging,qsentry,26.0,60.0,12.0,0.3,8.0,40000.0,250000.0,4.0,0.02,0.0,1.0,24.0,False,100.0,True,True,1100,0.9717040079571331,0.014202218655141529,0.661734828963543,0.031838016641514866,0.7372251616343843,0.027994400643081317,278.34974284059956,59.651385205919986,661.8,136.12097618396513,277.7530412533894,59.6331217034165,661.3333333333334,136.08472908483165,39.35282222222222,1.243874586373992,470.4932147638783,11.217091196752175,11195.298150000008,2311.24034124174,0.0,0.0,0.964353946060531,0.0034620651841828567,0.9212741542147059,0.007848821760777579,0.07872584578529401,0.00784882176077758,0.0,0.0,0.0,0.0,0.9788087579609119,0.016060498896370536,0.0,0.0,0.0,0.0,278.34974284059956,59.651385205919986,0.0,0.0,0.7161777533932004,0.032304992612347226,270.77664152575807,57.761667203247306,662.9333333333333,136.84397924705715,13212.466666666667,6334.5341582074225
aging,qsentry,26.0,60.0,12.0,0.3,8.0,40000.0,250000.0,4.0,0.02,0.0,1.0,60.0,False,100.0,True,True,1100,0.971364936135969,0.014178623279889339,0.6585337015301663,0.03219143817329352,0.7302465257241132,0.02878779488324815,278.3363578481873,59.362123382732946,663.3333333333334,135.2998138937206,277.551475872551,59.38149822112578,662.6666666666666,135.32255497878305,39.339019444444446,1.243169925641205,470.68271464374163,11.225542632883963,11198.20258333334,2299.4827658795452,0.0,0.0,0.9642954584432893,0.0034646736521247654,0.921125970601244,0.007855934156362168,0.07887402939875603,0.00785593415636217,0.0,0.0,0.0,0.0,0.9782148370078604,0.016066855449974493,0.0,0.0,0.0,0.0,278.3363578481873,59.362123382732946,0.0,0.0,0.7128107294803924,0.03276046721744391,270.7306697607521,57.50262335580648,664.5333333333333,136.04226877204144,13378.1,6325.326377644454
aging,qsentry,26.0,60.0,12.0,0.3,8.0,40000.0,250000.0,4.0,0.02,0.0,1.0,120.0,False,100.0,True,True,1100,0.9695646839383939,0.015762806649546636,0.6221910252734989,0.034831604464362266,0.6787529273009507,0.032668296418693434,271.0459476927193,57.42478180391097,672.1333333333333,146.101883502211,266.96658742970993,57.99477643746772,670.5333333333333,146.4472785493179,39.27241111111111,1.2954454154967727,470.6677551391376,11.266457458476033,10969.494530000002,2275.4789237345026,0.0,0.0,0.9643000755743399,0.0034773016847149487,0.9211190265398026,0.00784625958024009,0.07888097346019743,0.007846259580240095,0.0,0.0,0.0,0.0,0.9758081664462093,0.016467481305108854,0.0,0.0,0.0,0.0,271.0459476927193,57.42478180391097,0.0,0.0,0.6731927568983934,0.03561567991995343,261.0518017676444,54.83329988665275,674.2,146.56987276381702,14177.4,7029.659065785914
aging,qsentry,26.0,60.0,12.0,0.3,8.0,40000.0,250000.0,4.0,0.02,0.0,1.0,300.0,False,100.0,True,True,1100,0.9715635874851797,0.01594180123010172,0.5303105021934629,0.04252183819502045,0.5703657468483975,0.04438938426599132,241.77292362482885,54.02614712206938,643.6,138.52472566801725,229.33735404441887,55.53977945175694,634.6,140.78651434411447,39.35496388888889,1.3075779842635489,469.90341484587344,11.38377593522296,9858.103383333335,2192.7142966847728,0.0,0.0,0.964535983072261,0.0035135110911183234,0.9211618616903119,0.007856309651066729,0.07883813830968807,0.007856309651066732,0.0,0.0,0.0,0.0,0.9709431438254253,0.016994159892981853,0.0,0.0,0.0,0.0,241.77292362482885,54.02614712206938,0.0,0.0,0.5734117670886228,0.044369947076172596,226.04998645175405,52.55588398795417,625.7333333333333,141.56058243239207,13186.766666666666,7125.046883627585
aging,qsentry,26.0,60.0,12.0,0.3,8.0,40000.0,250000.0,4.0,0.02,0.0,1.0,inf,False,100.0,True,True,1100,0.9920993230647899,0.0033122847994227064,0.19153739463937453,0.0348556024198308,0.19194116809153866,0.03548434348770325,87.46372422969297,11.625036859138703,429.6,130.90265297433172,35.68134285584881,4.62143672606291,121.93333333333334,16.32857814747616,40.140855555555554,0.9562960138221984,458.82988081369183,7.712526546418057,3655.6906000000004,501.37420088650356,0.0,0.0,0.967953740489601,0.0023804094279068527,0.9240668580773402,0.006185199441075527,0.07593314192265975,0.006185199441075529,0.0,0.0,0.0,0.0,0.9368171142323688,0.025961863165469935,0.0,0.0,0.0,0.0,87.46372422969297,11.625036859138703,0.0,0.0,0.205373127517033,0.0367068165787828,37.37607444551398,4.78700228919686,123.6,16.572236155835338,3756.0666666666666,1553.6884759270802
aging,qsentry,32.0,60.0,12.0,0.3,8.0,40000.0,250000.0,4.0,0.02,0.0,1.0,24.0,False,100.0,True,True,1100,0.9843618060475651,0.006829187241925229,0.6967820286155405,0.03201986274468829,0.715777430169036,0.03169205579606303,188.79816080883148,31.61617655922415,466.2,64.01037378152003,188.28331061191736,31.668373779554024,465.6666666666667,64.07095621683452,49.034527777777775,1.0797071472950925,386.9750826139709,7.214983826609928,9486.337556666664,1709.723073684735,0.0,0.0,0.990131147341367,0.0022268468600647787,0.9784050246901183,0.0048256119924452116,0.02159497530988175,0.004825611992445212,0.0,0.0,0.0,0.0,0.9962480299349626,0.005468750494931842,0.0,0.0,0.0,0.0,188.79816080883148,31.61617655922415,0.0,0.0,0.7120278559653294,0.032015712526235765,189.01245178218912,31.97131429002035,467.6,64.11891004305437,9325.433333333332,4142.054006917273
aging,qsentry,32.0,60.0,12.0,0.3,8.0,40000.0,250000.0,4.0,0.02,0.0,1.0,60.0,False,100.0,True,True,1100,0.9844583768785262,0.006847124742499603,0.6940501038876038,0.03240947342431181,0.710080922100486,0.03239539143369912,188.72940934500684,31.65378735248178,466.26666666666665,64.08450734709774,188.0670794880233,31.728223308263914,465.6666666666667,64.20648858461449,49.038872222222224,1.077174406305732,386.93038954236596,7.193377619360912,9483.862606666666,1711.5776616190394,0.0,0.0,0.9901449414992698,0.002220178277580532,0.9784330071430166,0.004813293519039397,0.02156699285698338,0.004813293519039397,0.0,0.0,0.0,0.0,0.996346053233742,0.005302002638307068,0.0,0.0,0.0,0.0,188.72940934500684,31.65378735248178,0.0,0.0,0.7091999087720221,0.032375887081016755,188.92342448191548,32.013126671350896,467.93333333333334,64.13138146089373,9273.3,4154.304468241934
aging,qsentry,32.0,60.0,12.0,0.3,8.0,40000.0,250000.0,4.0,0.02,0.0,1.0,120.0,False,100.0,True,True,1100,0.9844384737365613,0.006844380386841527,0.6748695702097736,0.03554400443373654,0.6848695773074988,0.03592259697602025,186.3251438746614,31.93230524582429,464.46666666666664,64.32756583863173,184.3137679336518,32.13654082088761,463.6,64.51898565445296,49.03804722222222,1.0780955892312398,386.907252124099,7.188050676904392,9368.65983999999,1725.4517717865617,0.0,0.0,0.9901520826777471,0.002218534159538426,0.9784414004964984,0.00480858170033746,0.021558599503501565,0.004808581700337458,0.0,0.0,0.0,0.0,0.9959446492196619,0.0056454634837099366,0.0,0.0,0.0,0.0,186.3251438746614,31.93230524582429,0.0,0.0,0.6894763785493446,0.035382771074531486,185.94663667595933,32.381885239676585,465.93333333333334,64.52333255333299,9283.2,4150.703635867475
aging,qsentry,32.0,60.0,12.0,0.3,8.0,40000.0,250000.0,4.0,0.02,0.0,1.0,300.0,False,100.0,True,True,1100,0.9855176402758812,0.006837549661024159,0.6210938888184592,0.04296395467720967,0.6249228127829717,0.04310759477358724,173.05860151033733,30.821311481603264,456.4,61.952102603617455,167.79787127649874,31.18443162763223,445.1333333333333,63.34724731499379,49.09016666666666,1.0677232987928553,386.40069661860457,7.1593909202921795,8722.314959999992,1668.8736778939917,0.0,0.0,0.9903084269695663,0.002209688555645802,0.9785171374676217,0.004822931982851013,0.02148286253237825,0.004822931982851015,0.0,0.0,0.0,0.0,0.9859575724844752,0.014336329660158555,0.0,0.0,0.0,0.0,173.05860151033733,30.821311481603264,0.0,0.0,0.6339103894905305,0.0424375495655375,170.1489532310722,31.51955212732455,454.26666666666665,62.92033307536077,8657.766666666666,4148.380222430526
aging,qsentry,32.0,60.0,12.0,0.3,8.0,40000.0,250000.0,4.0,0.02,0.0,1.0,inf,False,100.0,True,True,1100,0.9898753342317107,0.005099645471550503,0.47865500460743526,0.056855024449535746,0.47667208608657513,0.057149960133503,114.90657575698715,20.269396755212227,315.26666666666665,54.01661639470976,97.23463663282105,19.741871857434067,295.3333333333333,55.78817936259589,49.29794166666667,0.9910412785266665,384.52451355718404,6.509831425182442,5893.894996666661,1135.2721622265901,0.0,0.0,0.9908874958156837,0.0020092072299946707,0.9785561874419955,0.0048298891615656744,0.021443812558004552,0.004829889161565679,0.0,0.0,0.0,0.0,0.9433063190481398,0.0282252788581365,0.0,0.0,0.0,0.0,114.90657575698715,20.269396755212227,0.0,0.0,0.4870901377834437,0.05653965268789615,98.89747804591583,19.98490232426976,297.0,55.899044463712485,6164.466666666666,3220.1467333533146
breaktime,ecdsa-only,32.0,15.0,12.0,0.3,8.0,40000.0,250000.0,4.0,0.02,0.0,1.0,inf,False,100.0,True,True,1100,0.9909423395032183,0.004952866621526722,0.7299091064316785,0.03288952490127947,0.7253788787903664,0.03331847154513322,102.07968049923275,20.04586382767626,302.6666666666667,55.805413344631276,101.64439473760952,20.065390568325743,302.2,55.901659176234176,49.34927777777777,0.977993134756587,355.0,0.0,5173.245176666662,1102.0576467374683,0.0,0.0,1.0,0.0,1.0,0.0,0.0,0.0,0.0,0.0,0.0,0.0,,,0.0,0.0,0.0,0.0,102.07968049923275,20.04586382767626,0.0,0.0,0.7299091064316785,0.03288952490127947,102.07968049923275,20.04586382767626,302.6666666666667,55.805413344631276,5548.433333333333,3125.177827798048
breaktime,ecdsa-only,32.0,30.0,12.0,0.3,8.0,40000.0,250000.0,4.0,0.02,0.0,1.0,inf,False,100.0,True,True,1100,0.9909423395032183,0.004952866621526722,0.6422437602851078,0.041531836040348956,0.6386668939732022,0.04189592494821577,102.07968049923275,20.04586382767626,302.6666666666667,55.805413344631276,101.64439473760952,20.065390568325743,302.2,55.901659176234176,49.34927777777777,0.977993134756587,355.0,0.0,5173.245176666662,1102.0576467374683,0.0,0.0,1.0,0.0,1.0,0.0,0.0,0.0,0.0,0.0,0.0,0.0,,,0.0,0.0,0.0,0.0,102.07968049923275,20.04586382767626,0.0,0.0,0.6422437602851078,0.041531836040348956,102.07968049923275,20.04586382767626,302.6666666666667,55.805413344631276,5548.433333333333,3125.177827798048
breaktime,ecdsa-only,32.0,60.0,12.0,0.3,8.0,40000.0,250000.0,4.0,0.02,0.0,1.0,inf,False,100.0,True,True,1100,0.9909423395032183,0.004952866621526722,0.5038300522444084,0.053236074777615806,0.5011138549218432,0.05342782212153685,102.07968049923275,20.04586382767626,302.6666666666667,55.805413344631276,101.64439473760952,20.065390568325743,302.2,55.901659176234176,49.34927777777777,0.977993134756587,355.0,0.0,5173.245176666662,1102.0576467374683,0.0,0.0,1.0,0.0,1.0,0.0,0.0,0.0,0.0,0.0,0.0,0.0,,,0.0,0.0,0.0,0.0,102.07968049923275,20.04586382767626,0.0,0.0,0.5038300522444084,0.053236074777615806,102.07968049923275,20.04586382767626,302.6666666666667,55.805413344631276,5548.433333333333,3125.177827798048
breaktime,ecdsa-only,32.0,120.0,12.0,0.3,8.0,40000.0,250000.0,4.0,0.02,0.0,1.0,inf,False,100.0,True,True,1100,0.9909423395032183,0.004952866621526722,0.30024057055603665,0.06033747967134647,0.2986890684376215,0.06030629801614396,102.07968049923275,20.04586382767626,302.6666666666667,55.805413344631276,101.64439473760952,20.065390568325743,302.2,55.901659176234176,49.34927777777777,0.977993134756587,355.0,0.0,5173.245176666662,1102.0576467374683,0.0,0.0,1.0,0.0,1.0,0.0,0.0,0.0,0.0,0.0,0.0,0.0,,,0.0,0.0,0.0,0.0,102.07968049923275,20.04586382767626,0.0,0.0,0.30024057055603665,0.06033747967134647,102.07968049923275,20.04586382767626,302.6666666666667,55.805413344631276,5548.433333333333,3125.177827798048
breaktime,ecdsa-only,32.0,240.0,12.0,0.3,8.0,40000.0,250000.0,4.0,0.02,0.0,1.0,inf,False,100.0,True,True,1100,0.9909423395032183,0.004952866621526722,0.1171782681877143,0.04858755630760387,0.11671962211021758,0.0484921194720496,102.07968049923275,20.04586382767626,302.6666666666667,55.805413344631276,101.64439473760952,20.065390568325743,302.2,55.901659176234176,49.34927777777777,0.977993134756587,355.0,0.0,5173.245176666662,1102.0576467374683,0.0,0.0,1.0,0.0,1.0,0.0,0.0,0.0,0.0,0.0,0.0,0.0,,,0.0,0.0,0.0,0.0,102.07968049923275,20.04586382767626,0.0,0.0,0.1171782681877143,0.04858755630760387,102.07968049923275,20.04586382767626,302.6666666666667,55.805413344631276,5548.433333333333,3125.177827798048
breaktime,falcon-only,32.0,15.0,12.0,0.3,8.0,40000.0,250000.0,4.0,0.02,0.0,1.0,inf,False,100.0,True,True,1100,0.23917537642257491,0.006340526001267607,0.6419025647094654,0.006127742836864817,1.0,0.0,5797.813969492022,163.86056929265874,3599.0,0.0,5796.730335332614,163.55255247228538,3599.0,0.0,11.890583333333332,0.2879919558635237,1375.6214306170843,0.6419542591490978,245938.36454999994,7370.756748063602,0.0,0.0,0.6849933856120113,0.00019813403060161414,0.2999110453909284,0.0002368970845134066,0.7000889546090716,0.00023689708451340947,0.0,0.0,0.0,0.0,0.23914890348041315,0.006337640150756579,0.0,0.0,0.0,0.0,5797.813969492022,163.86056929265874,0.0,0.0,1.0,0.0,5796.730335332614,163.55255247228538,3599.0,0.0,455052.76666666666,11763.704274022934
breaktime,falcon-only,32.0,30.0,12.0,0.3,8.0,40000.0,250000.0,4.0,0.02,0.0,1.0,inf,False,100.0,True,True,1100,0.23917537642257491,0.006340526001267607,0.6416408632484972,0.006122923371059742,1.0,0.0,5797.813969492022,163.86056929265874,3599.0,0.0,5796.730335332614,163.55255247228538,3599.0,0.0,11.890583333333332,0.2879919558635237,1375.6214306170843,0.6419542591490978,245938.36454999994,7370.756748063602,0.0,0.0,0.6849933856120113,0.00019813403060161414,0.2999110453909284,0.0002368970845134066,0.7000889546090716,0.00023689708451340947,0.0,0.0,0.0,0.0,0.23914890348041315,0.006337640150756579,0.0,0.0,0.0,0.0,5797.813969492022,163.86056929265874,0.0,0.0,1.0,0.0,5796.730335332614,163.55255247228538,3599.0,0.0,455052.76666666666,11763.704274022934
breaktime,falcon-only,32.0,60.0,12.0,0.3,8.0,40000.0,250000.0,4.0,0.02,0.0,1.0,inf,False,100.0,True,True,1100,0.23917537642257491,0.006340526001267607,0.6410300742576588,0.006107173896020459,1.0,0.0,5797.813969492022,163.86056929265874,3599.0,0.0,5796.730335332614,163.55255247228538,3599.0,0.0,11.890583333333332,0.2879919558635237,1375.6214306170843,0.6419542591490978,245938.36454999994,7370.756748063602,0.0,0.0,0.6849933856120113,0.00019813403060161414,0.2999110453909284,0.0002368970845134066,0.7000889546090716,0.00023689708451340947,0.0,0.0,0.0,0.0,0.23914890348041315,0.006337640150756579,0.0,0.0,0.0,0.0,5797.813969492022,163.86056929265874,0.0,0.0,1.0,0.0,5796.730335332614,163.55255247228538,3599.0,0.0,455052.76666666666,11763.704274022934
breaktime,falcon-only,32.0,120.0,12.0,0.3,8.0,40000.0,250000.0,4.0,0.02,0.0,1.0,inf,False,100.0,True,True,1100,0.23917537642257491,0.006340526001267607,0.6398264745955404,0.006092883488889328,1.0,0.0,5797.813969492022,163.86056929265874,3599.0,0.0,5796.730335332614,163.55255247228538,3599.0,0.0,11.890583333333332,0.2879919558635237,1375.6214306170843,0.6419542591490978,245938.36454999994,7370.756748063602,0.0,0.0,0.6849933856120113,0.00019813403060161414,0.2999110453909284,0.0002368970845134066,0.7000889546090716,0.00023689708451340947,0.0,0.0,0.0,0.0,0.23914890348041315,0.006337640150756579,0.0,0.0,0.0,0.0,5797.813969492022,163.86056929265874,0.0,0.0,1.0,0.0,5796.730335332614,163.55255247228538,3599.0,0.0,455052.76666666666,11763.704274022934
breaktime,falcon-only,32.0,240.0,12.0,0.3,8.0,40000.0,250000.0,4.0,0.02,0.0,1.0,inf,False,100.0,True,True,1100,0.23917537642257491,0.006340526001267607,0.6372513068928335,0.006243462139298089,1.0,0.0,5797.813969492022,163.86056929265874,3599.0,0.0,5796.730335332614,163.55255247228538,3599.0,0.0,11.890583333333332,0.2879919558635237,1375.6214306170843,0.6419542591490978,245938.36454999994,7370.756748063602,0.0,0.0,0.6849933856120113,0.00019813403060161414,0.2999110453909284,0.0002368970845134066,0.7000889546090716,0.00023689708451340947,0.0,0.0,0.0,0.0,0.23914890348041315,0.006337640150756579,0.0,0.0,0.0,0.0,5797.813969492022,163.86056929265874,0.0,0.0,1.0,0.0,5796.730335332614,163.55255247228538,3599.0,0.0,455052.76666666666,11763.704274022934
breaktime,mldsa-only,32.0,15.0,12.0,0.3,8.0,40000.0,250000.0,4.0,0.02,0.0,1.0,inf,False,100.0,True,True,1100,0.06294205343717542,0.005476058032697451,0.8725915383959462,0.0098839678577964,1.0,0.0,8963.029346755367,285.68419779412784,3599.0,0.0,8960.97032307444,285.2812789815276,3599.0,0.0,3.1393333333333335,0.28858359410323486,2892.7742529634484,3.3846847656693333,303176.1007166665,7377.489376048841,0.0,0.0,0.7900931138988061,0.00027995738343008586,0.2999110453909284,0.0002368970845134066,0.0,0.0,0.7000889546090716,0.00023689708451340947,0.0,0.0,0.06291539580329152,0.0054906097878640436,0.0,0.0,0.0,0.0,8963.029346755367,285.68419779412784,0.0,0.0,1.0,0.0,8960.97032307444,285.2812789815276,3599.0,0.0,560067.7666666667,11752.502631744273
breaktime,mldsa-only,32.0,30.0,12.0,0.3,8.0,40000.0,250000.0,4.0,0.02,0.0,1.0,inf,False,100.0,True,True,1100,0.06294205343717542,0.005476058032697451,0.8724670313443058,0.009891983666727727,1.0,0.0,8963.029346755367,285.68419779412784,3599.0,0.0,8960.97032307444,285.2812789815276,3599.0,0.0,3.1393333333333335,0.28858359410323486,2892.7742529634484,3.3846847656693333,303176.1007166665,7377.489376048841,0.0,0.0,0.7900931138988061,0.00027995738343008586,0.2999110453909284,0.0002368970845134066,0.0,0.0,0.7000889546090716,0.00023689708451340947,0.0,0.0,0.06291539580329152,0.0054906097878640436,0.0,0.0,0.0,0.0,8963.029346755367,285.68419779412784,0.0,0.0,1.0,0.0,8960.97032307444,285.2812789815276,3599.0,0.0,560067.7666666667,11752.502631744273
breaktime,mldsa-only,32.0,60.0,12.0,0.3,8.0,40000.0,250000.0,4.0,0.02,0.0,1.0,inf,False,100.0,True,True,1100,0.06294205343717542,0.005476058032697451,0.8721821418878056,0.009894609421169778,1.0,0.0,8963.029346755367,285.68419779412784,3599.0,0.0,8960.97032307444,285.2812789815276,3599.0,0.0,3.1393333333333335,0.28858359410323486,2892.7742529634484,3.3846847656693333,303176.1007166665,7377.489376048841,0.0,0.0,0.7900931138988061,0.00027995738343008586,0.2999110453909284,0.0002368970845134066,0.0,0.0,0.7000889546090716,0.00023689708451340947,0.0,0.0,0.06291539580329152,0.0054906097878640436,0.0,0.0,0.0,0.0,8963.029346755367,285.68419779412784,0.0,0.0,1.0,0.0,8960.97032307444,285.2812789815276,3599.0,0.0,560067.7666666667,11752.502631744273
breaktime,mldsa-only,32.0,120.0,12.0,0.3,8.0,40000.0,250000.0,4.0,0.02,0.0,1.0,inf,False,100.0,True,True,1100,0.06294205343717542,0.005476058032697451,0.8716192362108088,0.009901411713333603,1.0,0.0,8963.029346755367,285.68419779412784,3599.0,0.0,8960.97032307444,285.2812789815276,3599.0,0.0,3.1393333333333335,0.28858359410323486,2892.7742529634484,3.3846847656693333,303176.1007166665,7377.489376048841,0.0,0.0,0.7900931138988061,0.00027995738343008586,0.2999110453909284,0.0002368970845134066,0.0,0.0,0.7000889546090716,0.00023689708451340947,0.0,0.0,0.06291539580329152,0.0054906097878640436,0.0,0.0,0.0,0.0,8963.029346755367,285.68419779412784,0.0,0.0,1.0,0.0,8960.97032307444,285.2812789815276,3599.0,0.0,560067.7666666667,11752.502631744273
breaktime,mldsa-only,32.0,240.0,12.0,0.3,8.0,40000.0,250000.0,4.0,0.02,0.0,1.0,inf,False,100.0,True,True,1100,0.06294205343717542,0.005476058032697451,0.870344586014797,0.010044534357271677,1.0,0.0,8963.029346755367,285.68419779412784,3599.0,0.0,8960.97032307444,285.2812789815276,3599.0,0.0,3.1393333333333335,0.28858359410323486,2892.7742529634484,3.3846847656693333,303176.1007166665,7377.489376048841,0.0,0.0,0.7900931138988061,0.00027995738343008586,0.2999110453909284,0.0002368970845134066,0.0,0.0,0.7000889546090716,0.00023689708451340947,0.0,0.0,0.06291539580329152,0.0054906097878640436,0.0,0.0,0.0,0.0,8963.029346755367,285.68419779412784,0.0,0.0,1.0,0.0,8960.97032307444,285.2812789815276,3599.0,0.0,560067.7666666667,11752.502631744273
breaktime,qsentry,32.0,15.0,12.0,0.3,8.0,40000.0,250000.0,4.0,0.02,0.0,1.0,inf,False,100.0,True,True,1100,0.9901412505903225,0.004987355562695717,0.7110954637009427,0.03608293119076768,0.7066810373340352,0.03661210063814446,109.84087018646866,19.73302026157702,310.26666666666665,53.616638934107336,98.37132759273511,19.716299382185742,298.2,55.03904948788705,49.31084444444445,0.9874856903156299,382.84585257535224,6.75773403045719,5627.1978933333285,1108.8533732297094,0.0,0.0,0.9914056010569899,0.002085720379770816,0.9801465239497372,0.004846328791831734,0.019853476050262713,0.004846328791831737,0.0,0.0,0.0,0.0,0.9394644782993291,0.03853529622861476,0.0,0.0,0.0,0.0,109.84087018646866,19.73302026157702,0.0,0.0,0.723835286567644,0.033955826455100015,100.27764526658035,19.851947554330227,299.6666666666667,55.01973454392268,6009.633333333333,3153.985185667063
breaktime,qsentry,32.0,30.0,12.0,0.3,8.0,40000.0,250000.0,4.0,0.02,0.0,1.0,inf,False,100.0,True,True,1100,0.990080403686745,0.004984345320814911,0.6246371221099295,0.044234630289007225,0.6211266090600609,0.044782371038122167,110.82837510891879,20.359150075533307,310.6666666666667,53.876279359360204,98.09222607375915,19.647747508583123,297.6,55.1948646645849,49.308127777777784,0.9895474573509926,383.32103014759025,6.607103377506631,5688.495499999999,1139.7116633616477,0.0,0.0,0.9912589413124719,0.002039229437502131,0.9797273159686594,0.0047856964461842925,0.020272684031340683,0.004785696446184293,0.0,0.0,0.0,0.0,0.9382031549776745,0.035428777397270676,0.0,0.0,0.0,0.0,110.82837510891879,20.359150075533307,0.0,0.0,0.6357733610363226,0.042915757014504986,99.98515610447292,19.853277760169338,299.0,55.23695741537653,6042.233333333334,3150.878760368947
breaktime,qsentry,32.0,60.0,12.0,0.3,8.0,40000.0,250000.0,4.0,0.02,0.0,1.0,inf,False,100.0,True,True,1100,0.9898753342317107,0.005099645471550503,0.47865500460743526,0.056855024449535746,0.47667208608657513,0.057149960133503,114.90657575698715,20.269396755212227,315.26666666666665,54.01661639470976,97.23463663282105,19.741871857434067,295.3333333333333,55.78817936259589,49.29794166666667,0.9910412785266665,384.52451355718404,6.509831425182442,5893.894996666661,1135.2721622265901,0.0,0.0,0.9908874958156837,0.0020092072299946707,0.9785561874419955,0.0048298891615656744,0.021443812558004552,0.004829889161565679,0.0,0.0,0.0,0.0,0.9433063190481398,0.0282252788581365,0.0,0.0,0.0,0.0,114.90657575698715,20.269396755212227,0.0,0.0,0.4870901377834437,0.05653965268789615,98.89747804591583,19.98490232426976,297.0,55.899044463712485,6164.466666666666,3220.1467333533146
breaktime,qsentry,32.0,120.0,12.0,0.3,8.0,40000.0,250000.0,4.0,0.02,0.0,1.0,inf,False,100.0,True,True,1100,0.9891475863456242,0.005075213905344712,0.27566347544379805,0.060141669266119566,0.27519532216359893,0.06011876149879715,120.21252718789106,20.007935837445388,314.6666666666667,53.36950243237839,95.56130407578836,19.2551385780682,289.26666666666665,53.53308757591761,49.26251944444444,0.9963849745968646,381.71235494220144,7.04445925498005,6261.26925333333,1153.7325464938933,0.0,0.0,0.9917554460054933,0.002174215819438317,0.9791738510725045,0.00513614649210178,0.0208261489274954,0.005136146492101777,0.0,0.0,0.0,0.0,0.8719231123472286,0.06446963945873885,0.0,0.0,0.0,0.0,120.21252718789106,20.007935837445388,0.0,0.0,0.2796562703971362,0.06059832747298201,96.61276492240108,19.53585525820989,290.53333333333336,53.68016205619295,6589.533333333334,3207.058064328242
breaktime,qsentry,32.0,240.0,12.0,0.3,8.0,40000.0,250000.0,4.0,0.02,0.0,1.0,inf,False,100.0,True,True,1100,0.989754658889738,0.005086126259999308,0.10712073587296797,0.044946858683349335,0.10782095294789193,0.04513013908703224,103.7712953490261,19.836919491173095,298.93333333333334,51.88931828156478,97.15038233061051,17.89454829365045,292.53333333333336,49.90371245987855,49.29110555555555,0.98627617451085,359.68039368535045,3.09274549348868,5489.852283333329,1191.3943575352378,0.0,0.0,0.9985554340477314,0.0009545510782372235,0.9950102068075141,0.0031535146628703242,0.004989793192485958,0.0031535146628703242,0.0,0.0,0.0,0.0,0.6803772493046251,0.23412510488350866,0.0,0.0,0.0,0.0,103.7712953490261,19.836919491173095,0.0,0.0,0.10773457457896261,0.04522449015012123,97.42282981068954,17.884152419535056,293.06666666666666,49.850809933913034,6246.5,3195.4296795996265
burstiness-mean30,ecdsa-only,15.576923076923078,60.0,12.0,0.3,8.0,40000.0,250000.0,6.0,0.02,0.0,1.0,inf,False,100.0,True,True,1100,0.9975860244849745,0.0015000123621731096,0.12726006796996975,0.018975205484528107,0.12511264233460423,0.01892164429408,28.076578864599966,2.0062753229296786,91.2,8.67905822290486,27.716977584699496,1.9973531968612703,90.66666666666667,8.81915489622016,30.088247222222222,0.9273535050324644,355.0,0.0,821.7309333333328,79.26663719369888,0.0,0.0,1.0,0.0,1.0,0.0,0.0,0.0,0.0,0.0,0.0,0.0,,,0.0,0.0,0.0,0.0,28.076578864599966,2.0062753229296786,0.0,0.0,0.12726006796996975,0.018975205484528107,28.076578864599966,2.0062753229296786,91.2,8.67905822290486,869.1666666666666,541.2004082704356
burstiness-mean30,ecdsa-only,19.285714285714285,60.0,12.0,0.3,8.0,40000.0,250000.0,4.0,0.02,0.0,1.0,inf,False,100.0,True,True,1100,0.9996212082446727,0.0003234101471598472,0.022033261836839704,0.007969057710949391,0.021308451982530233,0.007844981223878247,15.526887360855671,0.9830996512494691,47.2,4.473786195428243,15.27426905887045,0.9735587736812769,46.8,4.351754797560987,30.10238888888889,0.7242336763422632,355.0,0.0,435.71975999999984,38.98468668205441,0.0,0.0,1.0,0.0,1.0,0.0,0.0,0.0,0.0,0.0,0.0,0.0,,,0.0,0.0,0.0,0.0,15.526887360855671,0.9830996512494691,0.0,0.0,0.022033261836839704,0.007969057710949391,15.526887360855671,0.9830996512494691,47.2,4.473786195428243,138.23333333333332,118.53487379593302
burstiness-mean30,ecdsa-only,25.3125,60.0,12.0,0.3,8.0,40000.0,250000.0,2.0,0.02,0.0,1.0,inf,False,100.0,True,True,1100,1.0,0.0,0.0,0.0,0.0,0.0,6.600611976991687,0.0014624261944654795,13.0,0.0,6.600803557347975,0.004487015853791495,13.0,0.0,29.855705555555556,0.2521119462442522,355.0,0.0,161.2391566666666,1.3636453234177899,0.0,0.0,1.0,0.0,1.0,0.0,0.0,0.0,0.0,0.0,0.0,0.0,,,0.0,0.0,0.0,0.0,6.600611976991687,0.0014624261944654795,0.0,0.0,0.0,0.0,6.600611976991687,0.0014624261944654795,13.0,0.0,0.0,0.0
burstiness-mean30,ecdsa-only,30.0,60.0,12.0,0.3,8.0,40000.0,250000.0,1.0,0.02,0.0,1.0,inf,False,100.0,True,True,1100,1.0,0.0,0.0,0.0,0.0,0.0,6.597985397596128,0.002082729153962377,13.0,0.0,6.59967282873244,0.003167640342916548,13.0,0.0,30.001366666666666,0.020533915972857992,355.0,0.0,161.94689666666673,0.1192025877664464,0.0,0.0,1.0,0.0,1.0,0.0,0.0,0.0,0.0,0.0,0.0,0.0,,,0.0,0.0,0.0,0.0,6.597985397596128,0.002082729153962377,0.0,0.0,0.0,0.0,6.597985397596128,0.002082729153962377,13.0,0.0,0.0,0.0
burstiness-mean30,qsentry,15.576923076923078,60.0,12.0,0.3,8.0,40000.0,250000.0,6.0,0.02,0.0,1.0,inf,False,100.0,True,True,1100,0.9796835034858248,0.005691629235729405,0.09733083270789708,0.01371870394718202,0.09789639596941188,0.01456493830701096,134.37082635955252,17.91501874405179,828.0,137.46058087561752,24.41073196180251,1.4796209112704053,79.86666666666666,5.960586561996189,29.54425277777778,0.9084675043677002,612.6972512653948,19.2513366452267,4382.6691133333325,665.0166700671502,0.0,0.0,0.9204638113378395,0.005941770569514472,0.8085138498491004,0.011889589703680623,0.19148615015089965,0.011889589703680623,0.0,0.0,0.0,0.0,0.9019516010341525,0.03127113394151679,0.0,0.0,0.0,0.0,134.37082635955252,17.91501874405179,0.0,0.0,0.1178608162029789,0.016166805898340752,28.032911511581368,1.6009500415883273,85.4,6.036624136476648,7397.1,2161.0266258890533
burstiness-mean30,qsentry,19.285714285714285,60.0,12.0,0.3,8.0,40000.0,250000.0,4.0,0.02,0.0,1.0,inf,False,100.0,True,True,1100,0.9956860465895605,0.001774867259724847,0.018091060217810935,0.00583479021027905,0.018227685568668554,0.006059379732866165,37.299007463174775,12.957136668976277,192.0,88.2692388835205,14.789912952908645,0.7877272108649416,45.0,3.2758917875370877,29.980061111111112,0.6995000050468494,436.2250499718021,39.7088557373007,1128.0549533333333,405.8407730575743,0.0,0.0,0.9749305401321595,0.012255819672006566,0.9407809816698689,0.028121619739035496,0.05921901833013109,0.028121619739035496,0.0,0.0,0.0,0.0,0.8717900234875656,0.09593721979156841,0.0,0.0,0.0,0.0,37.299007463174775,12.957136668976277,0.0,0.0,0.02016994033605363,0.006754902092510301,15.43949101823746,0.9151549545710513,46.06666666666667,3.667718190739549,1606.1666666666667,666.6550861416604
burstiness-mean30,qsentry,25.3125,60.0,12.0,0.3,8.0,40000.0,250000.0,2.0,0.02,0.0,1.0,inf,False,100.0,True,True,1100,1.0,0.0,0.0,0.0,0.0,0.0,6.600611976991687,0.0014624261944654795,13.0,0.0,6.600803557347975,0.004487015853791495,13.0,0.0,29.855705555555556,0.2521119462442522,355.0,0.0,161.2391566666666,1.3636453234177899,0.0,0.0,1.0,0.0,1.0,0.0,0.0,0.0,0.0,0.0,0.0,0.0,,,0.0,0.0,0.0,0.0,6.600611976991687,0.0014624261944654795,0.0,0.0,0.0,0.0,6.600611976991687,0.0014624261944654795,13.0,0.0,0.0,0.0
burstiness-mean30,qsentry,30.0,60.0,12.0,0.3,8.0,40000.0,250000.0,1.0,0.02,0.0,1.0,inf,False,100.0,True,True,1100,1.0,0.0,0.0,0.0,0.0,0.0,6.597985397596128,0.002082729153962377,13.0,0.0,6.59967282873244,0.003167640342916548,13.0,0.0,30.001366666666666,0.020533915972857992,355.0,0.0,161.94689666666673,0.1192025877664464,0.0,0.0,1.0,0.0,1.0,0.0,0.0,0.0,0.0,0.0,0.0,0.0,,,0.0,0.0,0.0,0.0,6.597985397596128,0.002082729153962377,0.0,0.0,0.0,0.0,6.597985397596128,0.002082729153962377,13.0,0.0,0.0,0.0
burstiness-mean38,ecdsa-only,19.730769230769234,60.0,12.0,0.3,8.0,40000.0,250000.0,6.0,0.02,0.0,1.0,inf,False,100.0,True,True,1100,0.9954094928889619,0.004518630726077226,0.318685815921955,0.040514754708217554,0.31515521903826943,0.04056058834742601,54.03112059185061,8.358882195500994,175.26666666666668,27.82779633676749,53.56582434133922,8.343150917641726,174.53333333333333,27.809787139300585,36.77469444444444,1.2520248467697714,355.0,0.0,2033.7194099999995,380.9661254011728,0.0,0.0,1.0,0.0,1.0,0.0,0.0,0.0,0.0,0.0,0.0,0.0,,,0.0,0.0,0.0,0.0,54.03112059185061,8.358882195500994,0.0,0.0,0.318685815921955,0.040514754708217554,54.03112059185061,8.358882195500994,175.26666666666668,27.82779633676749,2131.0,2144.184241540525
burstiness-mean38,ecdsa-only,24.428571428571427,60.0,12.0,0.3,8.0,40000.0,250000.0,4.0,0.02,0.0,1.0,inf,False,100.0,True,True,1100,0.997952380278989,0.0018126463628004026,0.18058932540938735,0.02285899652234827,0.17823299037017043,0.02271806337319449,32.75057991148264,2.6120394461585272,111.53333333333333,12.105594822049925,32.3989161543295,2.5981463807063974,110.8,12.072850030150704,38.50472222222222,0.903597148174043,355.0,0.0,1232.0817399999994,121.68645942447813,0.0,0.0,1.0,0.0,1.0,0.0,0.0,0.0,0.0,0.0,0.0,0.0,,,0.0,0.0,0.0,0.0,32.75057991148264,2.6120394461585272,0.0,0.0,0.18058932540938735,0.02285899652234827,32.75057991148264,2.6120394461585272,111.53333333333333,12.105594822049925,981.7333333333333,898.0380884562646
burstiness-mean38,ecdsa-only,32.0625,60.0,12.0,0.3,8.0,40000.0,250000.0,2.0,0.02,0.0,1.0,inf,False,100.0,True,True,1100,0.999775019922032,0.0001669437809863539,0.0,0.0,0.0,0.0,8.170286416297163,0.1795783475336845,16.6,0.8180918568530815,8.034126138675962,0.17342566178959168,16.266666666666666,0.7962509550573077,37.89992222222222,0.40256817529800293,355.0,0.0,264.69037333333324,9.450108132166127,0.0,0.0,1.0,0.0,1.0,0.0,0.0,0.0,0.0,0.0,0.0,0.0,,,0.0,0.0,0.0,0.0,8.170286416297163,0.1795783475336845,0.0,0.0,0.0,0.0,8.170286416297163,0.1795783475336845,16.6,0.8180918568530815,102.26666666666667,76.12313648713538
burstiness-mean38,ecdsa-only,38.0,60.0,12.0,0.3,8.0,40000.0,250000.0,1.0,0.02,0.0,1.0,inf,False,100.0,True,True,1100,1.0,0.0,0.0,0.0,0.0,0.0,6.601230627500075,0.001763990089766211,13.0,0.0,6.6020635533850145,0.003157790170103669,13.0,0.0,38.00139166666667,0.02131578020864597,355.0,0.0,205.25431,0.139639495357003,0.0,0.0,1.0,0.0,1.0,0.0,0.0,0.0,0.0,0.0,0.0,0.0,,,0.0,0.0,0.0,0.0,6.601230627500075,0.001763990089766211,0.0,0.0,0.0,0.0,6.601230627500075,0.001763990089766211,13.0,0.0,0.0,0.0
burstiness-mean38,qsentry,19.730769230769234,60.0,12.0,0.3,8.0,40000.0,250000.0,6.0,0.02,0.0,1.0,inf,False,100.0,True,True,1100,0.988348098198983,0.005067871705161752,0.2837234057066051,0.040298257593065295,0.28055788391827363,0.04051041296056872,120.08558143191956,16.27006931889104,560.0,152.80961328081364,49.99027574906316,8.411119945134741,168.13333333333333,28.449044581659493,36.52868055555555,1.3044312984013455,509.98455145587496,17.739496126286888,4580.985006666665,612.7748349123116,0.0,0.0,0.9521652618963343,0.005475153125397201,0.8879219654941937,0.013344230278489114,0.11207803450580633,0.013344230278489109,0.0,0.0,0.0,0.0,0.9427290234334651,0.02396298273989566,0.0,0.0,0.0,0.0,120.08558143191956,16.27006931889104,0.0,0.0,0.3141314475982224,0.04170429780671347,54.56848655459266,8.772147401497664,173.26666666666668,28.44299359167851,5083.166666666667,2322.6582943316457
burstiness-mean38,qsentry,24.428571428571427,60.0,12.0,0.3,8.0,40000.0,250000.0,4.0,0.02,0.0,1.0,inf,False,100.0,True,True,1100,0.991829914973291,0.003507974046763365,0.14980183686976564,0.020931341786017743,0.15036096569809485,0.020923787544184023,95.56653712457205,10.599370969105227,565.2666666666667,127.83393065584214,29.564475119472906,2.401997479868908,101.93333333333334,10.028619349512304,38.27361111111111,0.9344185823352317,487.914614600594,12.338644420633077,3822.23861666667,463.94649856948973,0.0,0.0,0.9589769708022853,0.003808223586615248,0.903171357855351,0.00899161039237961,0.09682864214464909,0.008991610392379612,0.0,0.0,0.0,0.0,0.9379737587437253,0.030662149963714025,0.0,0.0,0.0,0.0,95.56653712457205,10.599370969105227,0.0,0.0,0.163845147237164,0.021936061991188253,31.4241350020277,2.5183114565179703,104.6,10.110110702006988,3755.0666666666666,1608.573891221915
burstiness-mean38,qsentry,32.0625,60.0,12.0,0.3,8.0,40000.0,250000.0,2.0,0.02,0.0,1.0,inf,False,100.0,True,True,1100,0.999775019922032,0.0001669437809863539,0.0,0.0,0.0,0.0,8.170286416297163,0.1795783475336845,16.6,0.8180918568530815,8.034126138675962,0.17342566178959168,16.266666666666666,0.7962509550573077,37.89992222222222,0.40256817529800293,355.0,0.0,264.69037333333324,9.450108132166127,0.0,0.0,1.0,0.0,1.0,0.0,0.0,0.0,0.0,0.0,0.0,0.0,,,0.0,0.0,0.0,0.0,8.170286416297163,0.1795783475336845,0.0,0.0,0.0,0.0,8.170286416297163,0.1795783475336845,16.6,0.8180918568530815,102.26666666666667,76.12313648713538
burstiness-mean38,qsentry,38.0,60.0,12.0,0.3,8.0,40000.0,250000.0,1.0,0.02,0.0,1.0,inf,False,100.0,True,True,1100,1.0,0.0,0.0,0.0,0.0,0.0,6.601230627500075,0.001763990089766211,13.0,0.0,6.6020635533850145,0.003157790170103669,13.0,0.0,38.00139166666667,0.02131578020864597,355.0,0.0,205.25431,0.139639495357003,0.0,0.0,1.0,0.0,1.0,0.0,0.0,0.0,0.0,0.0,0.0,0.0,,,0.0,0.0,0.0,0.0,6.601230627500075,0.001763990089766211,0.0,0.0,0.0,0.0,6.601230627500075,0.001763990089766211,13.0,0.0,0.0,0.0
chain,ecdsa-only,32.0,60.0,2.0,0.3,8.0,40000.0,41666.666666666664,4.0,0.02,0.0,1.0,inf,False,100.0,True,True,1100,0.9936907177449881,0.003926581547570115,0.07801110941836992,0.05666306372661223,0.07760403922327826,0.05645035467972111,20.0166464176636,5.600473623684398,52.86666666666667,10.982743892731934,19.938916075934845,5.5893326106826215,52.8,10.90615754338334,49.54416666666667,1.1677655028442135,355.0,0.0,1030.94468,322.8159527447412,0.0,0.0,1.0,0.0,1.0,0.0,0.0,0.0,0.0,0.0,0.0,0.0,,,0.0,0.0,0.0,0.0,20.0166464176636,5.600473623684398,0.0,0.0,0.07801110941836992,0.05666306372661223,20.0166464176636,5.600473623684398,52.86666666666667,10.982743892731934,663.2666666666667,447.9529062816703
chain,ecdsa-only,32.0,60.0,6.0,0.3,8.0,40000.0,125000.0,4.0,0.02,0.0,1.0,inf,False,100.0,True,True,1100,0.991768409205071,0.004133970568134289,0.315138213717567,0.04906396102670455,0.3136712012531804,0.049093905045941695,49.35770407068381,7.4733811349350425,147.26666666666668,18.931393567858663,49.14244880181358,7.46284219478068,147.13333333333333,18.920418885299885,49.28292222222222,0.8722919927111586,355.0,0.0,2481.609793333331,436.2853872962609,0.0,0.0,1.0,0.0,1.0,0.0,0.0,0.0,0.0,0.0,0.0,0.0,,,0.0,0.0,0.0,0.0,49.35770407068381,7.4733811349350425,0.0,0.0,0.315138213717567,0.04906396102670455,49.35770407068381,7.4733811349350425,147.26666666666668,18.931393567858663,2517.5333333333333,1305.9418446472346
chain,ecdsa-only,32.0,60.0,12.0,0.3,8.0,40000.0,250000.0,4.0,0.02,0.0,1.0,inf,False,100.0,True,True,1100,0.9909423395032183,0.004952866621526722,0.5038300522444084,0.053236074777615806,0.5011138549218432,0.05342782212153685,102.07968049923275,20.04586382767626,302.6666666666667,55.805413344631276,101.64439473760952,20.065390568325743,302.2,55.901659176234176,49.34927777777777,0.977993134756587,355.0,0.0,5173.245176666662,1102.0576467374683,0.0,0.0,1.0,0.0,1.0,0.0,0.0,0.0,0.0,0.0,0.0,0.0,,,0.0,0.0,0.0,0.0,102.07968049923275,20.04586382767626,0.0,0.0,0.5038300522444084,0.053236074777615806,102.07968049923275,20.04586382767626,302.6666666666667,55.805413344631276,5548.433333333333,3125.177827798048
chain,ecdsa-only,32.0,60.0,60.0,0.3,8.0,40000.0,1250000.0,4.0,0.02,0.0,1.0,inf,False,100.0,True,True,1100,0.9902640365005514,0.005340591090131817,0.7675224496773806,0.02864557164185287,0.7650458193353309,0.028775351078442004,573.0725963454844,90.2840777390387,1683.6,203.38860898715546,570.4428017049548,90.16395617788979,1680.4,203.4580972453987,50.032338888888894,0.899863598634507,355.0,0.0,29312.09365,5088.306377656976,0.0,0.0,1.0,0.0,1.0,0.0,0.0,0.0,0.0,0.0,0.0,0.0,,,0.0,0.0,0.0,0.0,573.0725963454844,90.2840777390387,0.0,0.0,0.7675224496773806,0.02864557164185287,573.0725963454844,90.2840777390387,1683.6,203.38860898715546,29943.566666666666,16387.989733172908
chain,ecdsa-only,32.0,60.0,150.0,0.3,8.0,40000.0,3125000.0,4.0,0.02,0.0,1.0,inf,False,100.0,True,True,1100,0.9924782552443137,0.003968942789085955,0.912309655100776,0.01250407720864938,0.9121525210046151,0.012523155049213674,1414.534674080505,262.59283715275103,3110.6666666666665,242.7799516484163,1408.3608513717743,262.3937778733056,3106.733333333333,244.42843342690762,49.69737422222222,1.0917745319224155,355.0,0.0,72477.70315666666,14919.724367643284,0.6,4.2165116958599393e-17,1.0,0.0,1.0,0.0,0.0,0.0,0.0,0.0,0.0,0.0,,,0.0,0.0,0.0,0.0,1414.534674080505,262.59283715275103,0.0,0.0,0.912309655100776,0.01250407720864938,1414.534674080505,262.59283715275103,3110.6666666666665,242.7799516484163,58234.96666666667,31486.038593273057
chain,ecdsa-only,32.0,60.0,600.0,0.3,8.0,40000.0,12500000.0,4.0,0.02,0.0,1.0,inf,False,100.0,True,True,1100,0.9891822017373317,0.0060020007990509465,0.9771286138449384,0.00321796724370224,0.9771053427161411,0.003220369094182022,5672.523479183253,1336.954488101845,3599.0,0.0,5647.470384879111,1336.098668462603,3599.0,0.0,49.36331911111111,1.0905341266402213,355.0,0.0,291345.95417,76588.8359798906,0.9,8.433023391719879e-17,1.0,0.0,1.0,0.0,0.0,0.0,0.0,0.0,0.0,0.0,,,0.0,0.0,0.0,0.0,5672.523479183253,1336.954488101845,0.0,0.0,0.9771286138449384,0.00321796724370224,5672.523479183253,1336.954488101845,3599.0,0.0,341806.0333333333,192218.47371636855
chain,qsentry,32.0,60.0,2.0,0.3,8.0,40000.0,41666.666666666664,4.0,0.02,0.0,1.0,inf,False,100.0,True,True,1100,0.9926878174144126,0.0041304580456319765,0.06859135057557762,0.053143849280351416,0.06832355022453528,0.05296890974451839,19.531845370188627,5.453176946175877,52.733333333333334,10.920930785654953,19.356743771607114,5.424999733527597,52.53333333333333,10.802208819525749,49.49373333333333,1.1667370959341645,355.4027251639216,0.5149512445398892,1039.2930333333336,324.9086044307308,0.0,0.0,0.9998757021099007,0.00015893556930238813,0.9984285370180151,0.0018122146259018873,0.0015714629819848479,0.0018122146259018884,0.0,0.0,0.0,0.0,0.16758724842369965,0.2131359800108815,0.0,0.0,0.0,0.0,19.531845370188627,5.453176946175877,0.0,0.0,0.06861695000224428,0.053145937927056984,19.397856076723635,5.4302386649860654,52.6,10.879762633967482,764.1333333333333,465.1493539148132
chain,qsentry,32.0,60.0,6.0,0.3,8.0,40000.0,125000.0,4.0,0.02,0.0,1.0,inf,False,100.0,True,True,1100,0.9893417337166348,0.004285811483070271,0.29050482334524064,0.053907307045694575,0.28957216671068886,0.053677882267956174,57.17143954329955,6.623252317623531,152.26666666666668,18.465206106219185,46.92443011331117,7.774976558314817,142.4,19.70923904940524,49.16516111111111,0.8942509192200054,379.6773318932699,5.932268062917978,2977.1520166666655,412.15433299826196,0.0,0.0,0.9923835395391142,0.001830946932999334,0.9804254961842109,0.0045688380189071185,0.01957450381578908,0.004568838018907118,0.0,0.0,0.0,0.0,0.862398468703523,0.07557025225270593,0.0,0.0,0.0,0.0,57.17143954329955,6.623252317623531,0.0,0.0,0.29443593011667335,0.05384235102575952,47.45402114534692,7.842612541890278,143.2,19.761082733615286,3224.1,1348.9503943680131
chain,qsentry,32.0,60.0,12.0,0.3,8.0,40000.0,250000.0,4.0,0.02,0.0,1.0,inf,False,100.0,True,True,1100,0.9898753342317107,0.005099645471550503,0.47865500460743526,0.056855024449535746,0.47667208608657513,0.057149960133503,114.90657575698715,20.269396755212227,315.26666666666665,54.01661639470976,97.23463663282105,19.741871857434067,295.3333333333333,55.78817936259589,49.29794166666667,0.9910412785266665,384.52451355718404,6.509831425182442,5893.894996666661,1135.2721622265901,0.0,0.0,0.9908874958156837,0.0020092072299946707,0.9785561874419955,0.0048298891615656744,0.021443812558004552,0.004829889161565679,0.0,0.0,0.0,0.0,0.9433063190481398,0.0282252788581365,0.0,0.0,0.0,0.0,114.90657575698715,20.269396755212227,0.0,0.0,0.4870901377834437,0.05653965268789615,98.89747804591583,19.98490232426976,297.0,55.899044463712485,6164.466666666666,3220.1467333533146
chain,qsentry,32.0,60.0,60.0,0.3,8.0,40000.0,1250000.0,4.0,0.02,0.0,1.0,inf,False,100.0,True,True,1100,0.9900030030106357,0.005474039160829273,0.7549306854504304,0.031396415717846515,0.7520062401447514,0.03159798910749574,590.5510838767154,87.6492468176892,1703.6,198.6511111490673,562.3643724084566,90.77421026051427,1673.6,202.68017592937184,50.01923722222222,0.902353594011948,378.18111250007576,6.0683889797535135,30416.748819999997,4945.896827706947,0.0,0.0,0.9928453356481248,0.0018729595616523065,0.9839300475426269,0.004163888854562838,0.016069952457373103,0.004163888854562842,0.0,0.0,0.0,0.0,0.9801245721484132,0.016951814355937834,0.0,0.0,0.0,0.0,590.5510838767154,87.6492468176892,0.0,0.0,0.7662151851777546,0.028985888423803112,572.311860731774,90.60533321779604,1683.2,202.65096714158952,30729.666666666668,16791.140860332634
chain,qsentry,32.0,60.0,150.0,0.3,8.0,40000.0,3125000.0,4.0,0.02,0.0,1.0,inf,False,100.0,True,True,1100,0.9924782552443137,0.003968942789085955,0.9023074435586754,0.01513336332446028,0.9121525210046151,0.012523155049213674,1414.5726421775025,262.5862838891551,3110.6666666666665,242.7799516484163,1408.3608513717743,262.3937778733056,3106.733333333333,244.42843342690762,49.69737422222222,1.0917745319224155,379.86407342879136,6.73526247504814,72479.53522333334,14919.416800221074,0.6,4.2165116958599393e-17,0.9923259032627187,0.0020787847145210666,0.9830643412480068,0.004597640845189861,0.016935658751993234,0.004597640845189859,0.0,0.0,0.0,0.0,1.0,0.0,0.0,0.0,0.0,0.0,1414.5726421775025,262.5862838891551,0.0,0.0,0.9175091970985342,0.011306485006401,1430.7017759194102,260.75087149032726,3118.6666666666665,240.644006332281,58234.96666666667,31486.038593273057
chain,qsentry,32.0,60.0,600.0,0.3,8.0,40000.0,12500000.0,4.0,0.02,0.0,1.0,inf,False,100.0,True,True,1100,0.9891819877070265,0.006001954415760981,0.9595302117901346,0.007103426891300304,0.9771053427161411,0.003220369094182022,5672.822023260623,1336.943961762782,3599.0,0.0,5647.470384879111,1336.098668462603,3599.0,0.0,49.363308777777775,1.0905356962289519,383.8667930465584,6.448251913182196,291361.8430766667,76588.492491281,0.9,8.433023391719879e-17,0.9910904959732847,0.0019902012077723007,0.9803760330203748,0.004414497370240214,0.019623966979625252,0.004414497370240216,0.0,0.0,0.0,0.0,0.9999886758506287,1.1275744690287225e-05,0.0,0.0,0.0,0.0,5672.822023260623,1336.943961762782,0.0,0.0,0.9786511416859686,0.002924516138956096,5752.444046378685,1331.687706837338,3599.0,0.0,341812.23333333334,192217.13081693836
conceal,ecdsa-only,26.0,60.0,12.0,0.3,8.0,40000.0,250000.0,4.0,0.02,0.0,1.0,inf,False,100.0,True,True,1100,0.9974235607019835,0.002072439047696807,0.22763200684597193,0.03516661838781591,0.22526749698020168,0.0350717793661553,39.91182567574559,5.1019186882460845,134.8,18.26926196186792,39.55122523948307,5.089401383906967,134.2,18.368210809671634,40.348902777777774,0.9118149640188407,355.0,0.0,1605.3363533333325,240.22394946515172,0.0,0.0,1.0,0.0,1.0,0.0,0.0,0.0,0.0,0.0,0.0,0.0,,,0.0,0.0,0.0,0.0,39.91182567574559,5.1019186882460845,0.0,0.0,0.22763200684597193,0.03516661838781591,39.91182567574559,5.1019186882460845,134.8,18.26926196186792,1259.5,1015.4855887042139
conceal,ecdsa-only,26.0,60.0,12.0,0.3,8.0,40000.0,250000.0,4.0,0.02,0.0,1.0,inf,True,100.0,True,True,1100,0.9830521086729204,0.006133707649596147,0.4305741950552994,0.07069728939229472,0.42903349005287444,0.07089469841636342,85.54770190183264,20.965984707892293,221.4,40.464689304636956,85.28879119348191,20.980915259006814,221.4,40.464689304636956,39.74331666666667,0.7601658269193295,355.0,0.0,6866.659380000001,1827.893325432539,0.0,0.0,1.0,0.0,1.0,0.0,0.0,0.0,0.0,0.0,0.0,0.0,,,0.0,0.0,0.0,0.0,164.81897302623437,40.56857179323117,101.0194706396524,0.3993198115817464,0.4305741950552994,0.07069728939229472,85.54770190183264,20.965984707892293,221.4,40.464689304636956,4968.366666666667,2022.279747684145
conceal,ecdsa-only,32.0,60.0,12.0,0.3,8.0,40000.0,250000.0,4.0,0.02,0.0,1.0,inf,False,100.0,True,True,1100,0.9909423395032183,0.004952866621526722,0.5038300522444084,0.053236074777615806,0.5011138549218432,0.05342782212153685,102.07968049923275,20.04586382767626,302.6666666666667,55.805413344631276,101.64439473760952,20.065390568325743,302.2,55.901659176234176,49.34927777777777,0.977993134756587,355.0,0.0,5173.245176666662,1102.0576467374683,0.0,0.0,1.0,0.0,1.0,0.0,0.0,0.0,0.0,0.0,0.0,0.0,,,0.0,0.0,0.0,0.0,102.07968049923275,20.04586382767626,0.0,0.0,0.5038300522444084,0.053236074777615806,102.07968049923275,20.04586382767626,302.6666666666667,55.805413344631276,5548.433333333333,3125.177827798048
conceal,ecdsa-only,32.0,60.0,12.0,0.3,8.0,40000.0,250000.0,4.0,0.02,0.0,1.0,inf,True,100.0,True,True,1100,0.8842937496835328,0.018120820110619006,0.9043028697138581,0.04245171809515004,0.9037508462458003,0.042662126145225736,422.53611357999966,74.24308688056496,786.9333333333333,127.92728551565847,422.165050309376,74.23390315045506,786.2,127.99764074909275,43.92353611111111,0.2744419693372099,355.0,0.0,40539.41082999996,7333.058388886261,0.0,0.0,1.0,0.0,1.0,0.0,0.0,0.0,0.0,0.0,0.0,0.0,,,0.0,0.0,0.0,0.0,807.8022218352975,140.5302429457349,106.57936690057456,1.1560195079482023,0.9043028697138581,0.04245171809515004,422.53611357999966,74.24308688056496,786.9333333333333,127.92728551565847,34663.23333333333,6079.814152790316
conceal,qsentry,26.0,24.0,12.0,0.3,8.0,40000.0,250000.0,4.0,0.02,0.0,1.0,inf,True,100.0,True,True,1100,0.9817142478256514,0.005512361298561939,0.11932329716086382,0.009795413231181833,0.11920361530657778,0.009747222856946522,19.55913190314271,0.5711513574713514,37.4,0.8180918568530815,18.162756273014047,0.2640660571099705,37.0,0.0,39.69399166666667,0.7863391642664254,380.17597164870944,8.232689221667847,8220.642756666673,2151.2394005578285,0.0,0.0,0.9922296383800278,0.002540953463477843,0.9828070932715438,0.005590914949107761,0.017192906728456192,0.0055909149491077635,0.0,0.0,0.0,0.0,0.9875547039837868,0.016383807204690702,0.0,0.0,0.0,0.0,199.29748070794338,48.80326089816348,100.1859297502809,0.05506695767461086,0.12138782265294788,0.00980101351414624,18.268819520546266,0.2594864694934302,37.0,0.0,878.3,255.47989381523013
conceal,qsentry,26.0,60.0,12.0,0.3,8.0,40000.0,250000.0,4.0,0.02,0.0,1.0,inf,False,100.0,True,True,1100,0.9920993230647899,0.0033122847994227064,0.19153739463937453,0.0348556024198308,0.19194116809153866,0.03548434348770325,87.46372422969297,11.625036859138703,429.6,130.90265297433172,35.68134285584881,4.62143672606291,121.93333333333334,16.32857814747616,40.140855555555554,0.9562960138221984,458.82988081369183,7.712526546418057,3655.6906000000004,501.37420088650356,0.0,0.0,0.967953740489601,0.0023804094279068527,0.9240668580773402,0.006185199441075527,0.07593314192265975,0.006185199441075529,0.0,0.0,0.0,0.0,0.9368171142323688,0.025961863165469935,0.0,0.0,0.0,0.0,87.46372422969297,11.625036859138703,0.0,0.0,0.205373127517033,0.0367068165787828,37.37607444551398,4.78700228919686,123.6,16.572236155835338,3756.0666666666666,1553.6884759270802
conceal,qsentry,26.0,60.0,12.0,0.3,8.0,40000.0,250000.0,4.0,0.02,0.0,1.0,inf,True,50.0,True,True,1100,0.9769462680006208,0.008951540243009941,0.03993098495947929,0.0060111933394558295,0.03996917182484872,0.006099464838830416,33.24547763020866,3.058556237920228,79.33333333333333,11.767486873552842,25.682396696816568,1.1456967929036583,61.8,2.6136590069241716,39.513675,0.9214901790199482,399.8250419939129,10.342876093644584,7748.642600000005,1747.5607618161098,0.0,0.0,0.9861651104957058,0.0031922457079150827,0.9681825963306042,0.0074954928017009525,0.03181740366939586,0.007495492801700956,0.0,0.0,0.0,0.0,0.949747669190966,0.029117922591197186,0.0,0.0,0.0,0.0,186.97546970331453,40.43505727926489,50.21244526666825,0.07619843768007796,0.0413142030295693,0.006196584928763155,25.936939807675838,1.1585013065277072,61.8,2.6136590069241716,1972.4,672.916647027969
conceal,qsentry,26.0,60.0,12.0,0.3,8.0,40000.0,250000.0,4.0,0.02,0.0,1.0,inf,True,100.0,True,True,1100,0.9848358200607942,0.005360593980515556,0.0,0.0,0.0,0.0,17.93617388883822,0.35233858779103505,37.0,0.0,17.908947108049993,0.3561703752553791,37.0,0.0,39.81889722222222,0.777905603510018,355.0,0.0,6268.642340000003,1624.74433844293,0.0,0.0,1.0,0.0,1.0,0.0,0.0,0.0,0.0,0.0,0.0,0.0,,,0.0,0.0,0.0,0.0,150.8680331598928,35.9865751375006,100.15878436159905,0.048014945299011104,0.0,0.0,17.93617388883822,0.35233858779103505,37.0,0.0,750.4666666666667,221.748260040971
conceal,qsentry,26.0,60.0,12.0,0.3,8.0,40000.0,250000.0,4.0,0.02,0.0,1.0,inf,True,200.0,True,True,1100,0.8996555386179298,0.018576241368356217,0.0,0.0,0.0,0.0,14.23776430144093,0.06290836457916671,25.0,0.0,14.237325913228728,0.06318778863680048,25.0,0.0,36.28484722222222,0.3021048663138982,355.0,0.0,29464.268920000013,5352.245405764074,0.0,0.0,1.0,0.0,1.0,0.0,0.0,0.0,0.0,0.0,0.0,0.0,,,0.0,0.0,0.0,0.0,719.6456646877269,123.57297312122414,200.2250817167366,0.058581299265067686,0.0,0.0,14.23776430144093,0.06290836457916671,25.0,0.0,492.56666666666666,129.10469796918022
conceal,qsentry,26.0,120.0,12.0,0.3,8.0,40000.0,250000.0,4.0,0.02,0.0,1.0,inf,True,50.0,True,True,1100,0.9935646794112556,0.002963198253285109,0.0,0.0,0.0,0.0,24.269460734126092,1.0502170964571715,60.6,2.1962218798946243,24.185727949817394,1.0587021032596693,60.6,2.1962218798946243,40.189569444444444,0.8904882649930165,355.0,0.0,3453.996693333333,584.7862498184004,0.0,0.0,1.0,0.0,1.0,0.0,0.0,0.0,0.0,0.0,0.0,0.0,,,0.0,0.0,0.0,0.0,84.17154184208108,12.469723018343824,50.10908842853768,0.04259014003792768,0.0,0.0,24.269460734126092,1.0502170964571715,60.6,2.1962218798946243,1042.1666666666667,400.8856161484668
conceal,qsentry,32.0,60.0,12.0,0.3,8.0,40000.0,250000.0,4.0,0.02,0.0,1.0,inf,False,100.0,True,True,1100,0.9898753342317107,0.005099645471550503,0.47865500460743526,0.056855024449535746,0.47667208608657513,0.057149960133503,114.90657575698715,20.269396755212227,315.26666666666665,54.01661639470976,97.23463663282105,19.741871857434067,295.3333333333333,55.78817936259589,49.29794166666667,0.9910412785266665,384.52451355718404,6.509831425182442,5893.894996666661,1135.2721622265901,0.0,0.0,0.9908874958156837,0.0020092072299946707,0.9785561874419955,0.0048298891615656744,0.021443812558004552,0.004829889161565679,0.0,0.0,0.0,0.0,0.9433063190481398,0.0282252788581365,0.0,0.0,0.0,0.0,114.90657575698715,20.269396755212227,0.0,0.0,0.4870901377834437,0.05653965268789615,98.89747804591583,19.98490232426976,297.0,55.899044463712485,6164.466666666666,3220.1467333533146
conceal,qsentry,32.0,60.0,12.0,0.3,8.0,40000.0,250000.0,4.0,0.02,0.0,1.0,inf,True,100.0,True,True,1100,0.8966208371095117,0.016273346251214117,0.0,0.0,0.0,0.0,17.859377461388174,0.4636061623632823,36.6,0.8180918568530815,17.845477043030915,0.4604024950279252,36.6,0.8180918568530815,44.55031944444445,0.2931874292469172,355.0,0.0,36342.9587733333,6549.404816580605,0.0,0.0,1.0,0.0,1.0,0.0,0.0,0.0,0.0,0.0,0.0,0.0,,,0.0,0.0,0.0,0.0,723.4817120353915,124.8857027020103,100.14716830071471,0.0328626564108094,0.0,0.0,17.859377461388174,0.4636061623632823,36.6,0.8180918568530815,786.8666666666667,175.91803173015165
congestion,ecdsa-only,20.0,60.0,12.0,0.3,8.0,40000.0,250000.0,4.0,0.02,0.0,1.0,inf,False,100.0,True,True,1100,0.999328887941878,0.0006060853613805377,0.029985954335864023,0.008516916854170829,0.029054728416226756,0.0083833306124216,16.516485788820628,0.9264064909556516,51.4,4.134418837873766,16.25454991681283,0.9225132045803341,50.8,4.152752350279505,30.873575000000002,0.5725730139424341,355.0,0.0,476.6164433333335,36.16264102860282,0.0,0.0,1.0,0.0,1.0,0.0,0.0,0.0,0.0,0.0,0.0,0.0,,,0.0,0.0,0.0,0.0,16.516485788820628,0.9264064909556516,0.0,0.0,0.029985954335864023,0.008516916854170829,16.516485788820628,0.9264064909556516,51.4,4.134418837873766,249.1,221.24326044352213
congestion,ecdsa-only,24.0,60.0,12.0,0.3,8.0,40000.0,250000.0,4.0,0.02,0.0,1.0,inf,False,100.0,True,True,1100,0.9974932864093103,0.0016196283811178878,0.15441053047299874,0.025563091177056782,0.15263787766377673,0.02544432920129315,30.17566271540682,2.7416652472208543,104.8,10.632933477024862,29.877103317918138,2.7355567472870557,104.13333333333334,10.653412603816285,37.29456666666667,0.8481172734099502,355.0,0.0,1101.1814966666668,123.39583241374847,0.0,0.0,1.0,0.0,1.0,0.0,0.0,0.0,0.0,0.0,0.0,0.0,,,0.0,0.0,0.0,0.0,30.17566271540682,2.7416652472208543,0.0,0.0,0.15441053047299874,0.025563091177056782,30.17566271540682,2.7416652472208543,104.8,10.632933477024862,1163.3333333333333,775.1134102597192
congestion,ecdsa-only,28.0,60.0,12.0,0.3,8.0,40000.0,250000.0,4.0,0.02,0.0,1.0,inf,False,100.0,True,True,1100,0.9953757409903177,0.002635542499682057,0.32105503144828895,0.038623046493020376,0.3184161687705492,0.03864849427093737,53.379507062274236,6.710698956027257,172.93333333333334,21.29937727031544,52.971627875440774,6.704379219113521,172.26666666666668,21.252372621718497,43.747483333333335,1.096970112701021,355.0,0.0,2358.648473333334,355.9393321038099,0.0,0.0,1.0,0.0,1.0,0.0,0.0,0.0,0.0,0.0,0.0,0.0,,,0.0,0.0,0.0,0.0,53.379507062274236,6.710698956027257,0.0,0.0,0.32105503144828895,0.038623046493020376,53.379507062274236,6.710698956027257,172.93333333333334,21.29937727031544,2459.0333333333333,1393.5468220348425
congestion,ecdsa-only,32.0,60.0,12.0,0.3,8.0,40000.0,250000.0,4.0,0.02,0.0,1.0,inf,False,100.0,True,True,1100,0.9909423395032183,0.004952866621526722,0.5038300522444084,0.053236074777615806,0.5011138549218432,0.05342782212153685,102.07968049923275,20.04586382767626,302.6666666666667,55.805413344631276,101.64439473760952,20.065390568325743,302.2,55.901659176234176,49.34927777777777,0.977993134756587,355.0,0.0,5173.245176666662,1102.0576467374683,0.0,0.0,1.0,0.0,1.0,0.0,0.0,0.0,0.0,0.0,0.0,0.0,,,0.0,0.0,0.0,0.0,102.07968049923275,20.04586382767626,0.0,0.0,0.5038300522444084,0.053236074777615806,102.07968049923275,20.04586382767626,302.6666666666667,55.805413344631276,5548.433333333333,3125.177827798048
congestion,ecdsa-only,36.0,60.0,12.0,0.3,8.0,40000.0,250000.0,4.0,0.02,0.0,1.0,inf,False,100.0,True,True,1100,0.9775099361005284,0.008459347487129568,0.7182294205592401,0.06215683172332297,0.7166115878389661,0.06257010695729254,219.74876194860707,45.93546705046519,503.2,77.01482802760094,219.235954833897,45.913267105607574,503.1333333333333,76.99874032030468,53.84276666666666,0.9405206077910899,355.0,0.0,12419.71639000001,2790.951008189151,0.0,0.0,1.0,0.0,1.0,0.0,0.0,0.0,0.0,0.0,0.0,0.0,,,0.0,0.0,0.0,0.0,219.74876194860707,45.93546705046519,0.0,0.0,0.7182294205592401,0.06215683172332297,219.74876194860707,45.93546705046519,503.2,77.01482802760094,15699.766666666666,6208.157851337328
congestion,falcon-only,20.0,60.0,12.0,0.3,8.0,40000.0,250000.0,4.0,0.02,0.0,1.0,inf,False,100.0,True,True,1100,0.4433495377571383,0.010052072850411048,0.4905816255614235,0.005871913846860962,1.0,0.0,3993.848720854562,149.8255151969978,3599.0,0.0,3991.660371267285,149.61433798573077,3599.0,0.0,13.662688888888889,0.16200457591319808,1375.8400816572105,0.6044545671883113,114432.56696000001,5276.016294316086,0.0,0.0,0.6849259007230838,0.00018656005160132697,0.2998994573721697,0.000296636833069834,0.7001005426278303,0.00029663683306982886,0.0,0.0,0.0,0.0,0.44339455628800695,0.01008646321858683,0.0,0.0,0.0,0.0,3993.848720854562,149.8255151969978,0.0,0.0,1.0,0.0,3991.660371267285,149.61433798573077,3599.0,0.0,206779.73333333334,7352.307371049343
congestion,falcon-only,24.0,60.0,12.0,0.3,8.0,40000.0,250000.0,4.0,0.02,0.0,1.0,inf,False,100.0,True,True,1100,0.34681067059258547,0.012396114439424026,0.5524614430162873,0.008848190914646219,1.0,0.0,4812.367829882006,223.3660999944451,3599.0,0.0,4811.349997845946,223.09967089613176,3599.0,0.0,12.916466666666668,0.32990272704858664,1375.3810372226858,0.6299939779632945,160599.00077333327,7837.370681945823,0.0,0.0,0.6850675811041099,0.00019444258579106634,0.2999471734721272,0.00021393722702152718,0.7000528265278728,0.0002139372270215282,0.0,0.0,0.0,0.0,0.3467029080545975,0.01237022027514644,0.0,0.0,0.0,0.0,4812.367829882006,223.3660999944451,0.0,0.0,1.0,0.0,4811.349997845946,223.09967089613176,3599.0,0.0,293700.5333333333,11339.829429672918
congestion,falcon-only,28.0,60.0,12.0,0.3,8.0,40000.0,250000.0,4.0,0.02,0.0,1.0,inf,False,100.0,True,True,1100,0.27725801543156886,0.008762701504424469,0.60690000275896,0.007593335970867329,1.0,0.0,5507.462636255396,169.37059604861372,3599.0,0.0,5506.293694786955,169.30067032732666,3599.0,0.0,12.139355555555555,0.2705135376678862,1375.1763588187866,0.6687124796078587,207548.37910333322,8785.82377865748,0.0,0.0,0.6851307534509921,0.00020639274061963727,0.30007751419200385,0.0002664733640363537,0.6999224858079961,0.0002664733640363545,0.0,0.0,0.0,0.0,0.27718136465391213,0.008797070868827552,0.0,0.0,0.0,0.0,5507.462636255396,169.37059604861372,0.0,0.0,1.0,0.0,5506.293694786955,169.30067032732666,3599.0,0.0,381756.56666666665,13280.867856118366
congestion,falcon-only,32.0,60.0,12.0,0.3,8.0,40000.0,250000.0,4.0,0.02,0.0,1.0,inf,False,100.0,True,True,1100,0.23917537642257491,0.006340526001267607,0.6410300742576588,0.006107173896020459,1.0,0.0,5797.813969492022,163.86056929265874,3599.0,0.0,5796.730335332614,163.55255247228538,3599.0,0.0,11.890583333333332,0.2879919558635237,1375.6214306170843,0.6419542591490978,245938.36454999994,7370.756748063602,0.0,0.0,0.6849933856120113,0.00019813403060161414,0.2999110453909284,0.0002368970845134066,0.7000889546090716,0.00023689708451340947,0.0,0.0,0.0,0.0,0.23914890348041315,0.006337640150756579,0.0,0.0,0.0,0.0,5797.813969492022,163.86056929265874,0.0,0.0,1.0,0.0,5796.730335332614,163.55255247228538,3599.0,0.0,455052.76666666666,11763.704274022934
congestion,falcon-only,36.0,60.0,12.0,0.3,8.0,40000.0,250000.0,4.0,0.02,0.0,1.0,inf,False,100.0,True,True,1100,0.20467242742932862,0.009966176782089392,0.6770711740501265,0.010758016026859616,1.0,0.0,6287.357810653058,248.9194182599841,3599.0,0.0,6289.184316867178,248.47614921430736,3599.0,0.0,11.237797222222222,0.45441999412825157,1375.320241574079,0.6094250487823224,285272.2301766669,10041.500402275766,0.0,0.0,0.6850863451931856,0.00018809415085865603,0.3000138036043137,0.0002089819725168441,0.6999861963956863,0.00020898197251684105,0.0,0.0,0.0,0.0,0.20462399012715166,0.009971546758071785,0.0,0.0,0.0,0.0,6287.357810653058,248.9194182599841,0.0,0.0,1.0,0.0,6289.184316867178,248.47614921430736,3599.0,0.0,526959.4,17264.220614191214
congestion,mldsa-only,20.0,60.0,12.0,0.3,8.0,40000.0,250000.0,4.0,0.02,0.0,1.0,inf,False,100.0,True,True,1100,0.15976548917883912,0.006275409889254979,0.7279855226039313,0.007919173009830171,1.0,0.0,6968.076758921429,185.8307582274534,3599.0,0.0,6966.303061268433,187.3024192352919,3599.0,0.0,4.922233333333334,0.16255652032650494,2893.221386512812,2.711747798894864,171621.53638666662,5286.974782857675,0.0,0.0,0.7900561301478243,0.00022429675755961624,0.2998994573721697,0.000296636833069834,0.0,0.0,0.7001005426278303,0.00029663683306982886,0.0,0.0,0.15971854953922165,0.00634455992849785,0.0,0.0,0.0,0.0,6968.076758921429,185.8307582274534,0.0,0.0,1.0,0.0,6966.303061268433,187.3024192352919,3599.0,0.0,311665.2,7355.361323521348
congestion,mldsa-only,24.0,60.0,12.0,0.3,8.0,40000.0,250000.0,4.0,0.02,0.0,1.0,inf,False,100.0,True,True,1100,0.11198581820332526,0.009481356944190415,0.7937860383134056,0.014254623026691933,1.0,0.0,7811.656109480735,353.75622004294826,3599.0,0.0,7809.502136913479,353.0631739048624,3599.0,0.0,4.1688,0.3303976512326782,2892.6786640210034,3.351005387606711,217817.39686666668,7836.538548728042,0.0,0.0,0.7901010203456582,0.0002771716615058913,0.2999471734721272,0.00021393722702152718,0.0,0.0,0.7000528265278728,0.0002139372270215282,0.0,0.0,0.11191874443094914,0.009473882998734744,0.0,0.0,0.0,0.0,7811.656109480735,353.75622004294826,0.0,0.0,1.0,0.0,7809.502136913479,353.0631739048624,3599.0,0.0,398672.5333333333,11335.349868422982
congestion,mldsa-only,28.0,60.0,12.0,0.3,8.0,40000.0,250000.0,4.0,0.02,0.0,1.0,inf,False,100.0,True,True,1100,0.07727172225745635,0.00641099153442676,0.8477002512679782,0.010879501927780278,1.0,0.0,8697.971160381072,262.9079240060991,3599.0,0.0,8696.303258056108,263.34604347161115,3599.0,0.0,3.3870416666666667,0.27170776668546176,2892.5262311722827,3.6720203768121773,264797.2514633333,8794.902981541665,0.0,0.0,0.7901136285217317,0.00030372376979436664,0.30007751419200385,0.0002664733640363537,0.0,0.0,0.6999224858079961,0.0002664733640363545,0.0,0.0,0.07723487906369572,0.006411088173074357,0.0,0.0,0.0,0.0,8697.971160381072,262.9079240060991,0.0,0.0,1.0,0.0,8696.303258056108,263.34604347161115,3599.0,0.0,486784.3333333333,13288.111053759514
congestion,mldsa-only,32.0,60.0,12.0,0.3,8.0,40000.0,250000.0,4.0,0.02,0.0,1.0,inf,False,100.0,True,True,1100,0.06294205343717542,0.005476058032697451,0.8721821418878056,0.009894609421169778,1.0,0.0,8963.029346755367,285.68419779412784,3599.0,0.0,8960.97032307444,285.2812789815276,3599.0,0.0,3.1393333333333335,0.28858359410323486,2892.7742529634484,3.3846847656693333,303176.1007166665,7377.489376048841,0.0,0.0,0.7900931138988061,0.00027995738343008586,0.2999110453909284,0.0002368970845134066,0.0,0.0,0.7000889546090716,0.00023689708451340947,0.0,0.0,0.06291539580329152,0.0054906097878640436,0.0,0.0,0.0,0.0,8963.029346755367,285.68419779412784,0.0,0.0,1.0,0.0,8960.97032307444,285.2812789815276,3599.0,0.0,560067.7666666667,11752.502631744273
congestion,mldsa-only,36.0,60.0,12.0,0.3,8.0,40000.0,250000.0,4.0,0.02,0.0,1.0,inf,False,100.0,True,True,1100,0.045571652681945844,0.008243147161401825,0.9054369949289941,0.016161923747510184,1.0,0.0,8805.73088899254,959.5157798343894,3599.0,0.0,8804.062653956265,959.2378118673719,3599.0,0.0,2.4990527777777776,0.4419698990608474,2701.807069879807,274.26304932142114,342504.7729666667,10052.19756702965,0.0,0.0,0.7372643724940892,0.07483511400150027,0.3000138036043137,0.0002089819725168441,0.0,0.0,0.6999861963956863,0.00020898197251684105,0.0,0.0,0.04558321223021979,0.00824121241537728,0.0,0.0,0.0,0.0,8805.73088899254,959.5157798343894,0.0,0.0,1.0,0.0,8804.062653956265,959.2378118673719,3599.0,0.0,631824.3333333334,17231.082506790066
congestion,qsentry,20.0,60.0,12.0,0.3,8.0,40000.0,250000.0,4.0,0.02,0.0,1.0,inf,False,100.0,True,True,1100,0.9956576817419435,0.001966257744520992,0.023324787390662828,0.0061075831349696645,0.02335741132318907,0.006414529490608431,46.2741205004731,14.487676134660886,252.06666666666666,100.35432589259966,15.564476900763738,0.7076468515139658,48.13333333333333,3.2385957586366594,30.757786111111113,0.5545007617216493,462.590916988471,39.46615398054591,1437.51709,472.58333008999523,0.0,0.0,0.9667929268554097,0.012180911722390771,0.9230140452890774,0.027948746845233192,0.07698595471092264,0.027948746845233192,0.0,0.0,0.0,0.0,0.9331605761877063,0.041108025112165936,0.0,0.0,0.0,0.0,46.2741205004731,14.487676134660886,0.0,0.0,0.026444790958258847,0.007352233800920655,16.39087423248572,0.8864970765944006,49.733333333333334,3.5382769493456974,1638.5666666666666,748.1427170512112
congestion,qsentry,24.0,60.0,12.0,0.3,8.0,40000.0,250000.0,4.0,0.02,0.0,1.0,inf,False,100.0,True,True,1100,0.990618456324956,0.003248109015959527,0.1305575067184593,0.022926667015162647,0.1306582615507719,0.02300985110554094,96.29953204789423,16.8422318314007,633.8,182.76435744536585,27.530061701839355,2.4761934099772835,96.66666666666667,10.117114919058636,37.044272222222226,0.8900528018625931,496.019424693369,15.049290374456126,3683.379573333335,651.9362952488793,0.0,0.0,0.95647548620575,0.004644842708165497,0.8968620410829956,0.01143786305531151,0.1031379589170044,0.011437863055311512,0.0,0.0,0.0,0.0,0.935852116441872,0.020947660468237452,0.0,0.0,0.0,0.0,96.29953204789423,16.8422318314007,0.0,0.0,0.14433611381939673,0.0250099963525169,29.45863051795467,2.6589867697432568,100.2,10.515166559456913,4166.866666666667,1415.8520080308342
congestion,qsentry,28.0,60.0,12.0,0.3,8.0,40000.0,250000.0,4.0,0.02,0.0,1.0,inf,False,100.0,True,True,1100,0.9926195080508963,0.0026859022204907073,0.29386992018794705,0.03978338184440703,0.2917031961982331,0.03965329103037636,82.58224409226449,5.480031946129127,240.66666666666666,25.437084675525313,49.670836625088114,6.434697900922207,164.73333333333332,20.643916777437468,43.62833333333333,1.1057225164402538,428.72495452739093,10.650587196124757,3715.6176033333354,315.41211646779516,0.0,0.0,0.977245384405126,0.003287218270408901,0.9467574172309182,0.007490670305454507,0.05324258276908179,0.007490670305454507,0.0,0.0,0.0,0.0,0.939806748164289,0.030665034043709655,0.0,0.0,0.0,0.0,82.58224409226449,5.480031946129127,0.0,0.0,0.3076090680368673,0.039401006817117834,51.6709575797664,6.475468225073139,167.4,20.471470277202734,3888.8333333333335,1409.7761372838427
congestion,qsentry,32.0,60.0,12.0,0.3,8.0,40000.0,250000.0,4.0,0.02,0.0,1.0,inf,False,100.0,True,True,1100,0.9898753342317107,0.005099645471550503,0.47865500460743526,0.056855024449535746,0.47667208608657513,0.057149960133503,114.90657575698715,20.269396755212227,315.26666666666665,54.01661639470976,97.23463663282105,19.741871857434067,295.3333333333333,55.78817936259589,49.29794166666667,0.9910412785266665,384.52451355718404,6.509831425182442,5893.894996666661,1135.2721622265901,0.0,0.0,0.9908874958156837,0.0020092072299946707,0.9785561874419955,0.0048298891615656744,0.021443812558004552,0.004829889161565679,0.0,0.0,0.0,0.0,0.9433063190481398,0.0282252788581365,0.0,0.0,0.0,0.0,114.90657575698715,20.269396755212227,0.0,0.0,0.4870901377834437,0.05653965268789615,98.89747804591583,19.98490232426976,297.0,55.899044463712485,6164.466666666666,3220.1467333533146
congestion,qsentry,36.0,60.0,12.0,0.3,8.0,40000.0,250000.0,4.0,0.02,0.0,1.0,inf,False,100.0,True,True,1100,0.9768292221914138,0.008588074675419692,0.7064956126785409,0.0644763684842512,0.7050489916062297,0.06479636075905426,224.22113007023316,44.33729099015349,505.93333333333334,76.41123656700502,216.50085860571545,45.65083186574199,500.2,77.49609241998972,53.80483888888889,0.9396950550767191,363.2712808258266,3.5967477532165204,13018.190380000013,2898.8416778235073,0.0,0.0,0.9974471355475846,0.0011101073312395982,0.993653042281567,0.0025858754188411086,0.006346957718432916,0.002585875418841106,0.0,0.0,0.0,0.0,0.8725898173408739,0.09930284440698292,0.0,0.0,0.0,0.0,224.22113007023316,44.33729099015349,0.0,0.0,0.7096332900045499,0.06368542007540197,217.85471649848847,45.8283683835759,500.93333333333334,77.47744865403317,16154.9,6302.157101015373
epsilon,qsentry,20.0,60.0,12.0,0.3,8.0,40000.0,250000.0,4.0,0.01,0.0,1.0,inf,False,100.0,True,True,1100,0.9946334834228402,0.002324214042747004,0.023109698745532637,0.006232570083412802,0.02317188687867177,0.006533719490286023,51.34849776857341,15.437672229552856,283.8666666666667,107.07996066804681,15.494038076846335,0.7170535993142731,48.06666666666667,3.203067506811813,30.726283333333335,0.5564910262425294,479.81921949692526,38.53437353861879,1605.2939599999997,504.44980035341825,0.0,0.0,0.9614755495379855,0.011893325166240488,0.9103203984236691,0.027412034756680696,0.08967960157633091,0.0274120347566807,0.0,0.0,0.0,0.0,0.9284474030419881,0.040386340996103894,0.0,0.0,0.0,0.0,51.34849776857341,15.437672229552856,0.0,0.0,0.026372695820935953,0.00742628041998769,16.39639133289809,0.8871013034834399,49.733333333333334,3.597569763619168,2016.6,878.873551625855
epsilon,qsentry,20.0,60.0,12.0,0.3,8.0,40000.0,250000.0,4.0,0.02,0.0,1.0,inf,False,100.0,True,True,1100,0.9956576817419435,0.001966257744520992,0.023324787390662828,0.0061075831349696645,0.02335741132318907,0.006414529490608431,46.2741205004731,14.487676134660886,252.06666666666666,100.35432589259966,15.564476900763738,0.7076468515139658,48.13333333333333,3.2385957586366594,30.757786111111113,0.5545007617216493,462.590916988471,39.46615398054591,1437.51709,472.58333008999523,0.0,0.0,0.9667929268554097,0.012180911722390771,0.9230140452890774,0.027948746845233192,0.07698595471092264,0.027948746845233192,0.0,0.0,0.0,0.0,0.9331605761877063,0.041108025112165936,0.0,0.0,0.0,0.0,46.2741205004731,14.487676134660886,0.0,0.0,0.026444790958258847,0.007352233800920655,16.39087423248572,0.8864970765944006,49.733333333333334,3.5382769493456974,1638.5666666666666,748.1427170512112
epsilon,qsentry,20.0,60.0,12.0,0.3,8.0,40000.0,250000.0,4.0,0.05,0.0,1.0,inf,False,100.0,True,True,1100,0.9976938301006705,0.0012068205959124413,0.024896583509381887,0.006341684571904936,0.024928665159081993,0.0066712315895656946,36.21737078858515,10.846541073182221,188.06666666666666,74.8139218729911,15.712390889414003,0.7203950851763538,49.06666666666667,3.4166057575610833,30.821330555555555,0.558772819158612,439.3994526261098,33.9492205443125,1107.4357366666666,350.8877769743625,0.0,0.0,0.9739507862265089,0.010478154488985477,0.9406210486811026,0.023715235175061283,0.05937895131889732,0.02371523517506128,0.0,0.0,0.0,0.0,0.9474777956030334,0.04287984877921186,0.0,0.0,0.0,0.0,36.21737078858515,10.846541073182221,0.0,0.0,0.027581070329320292,0.007491954868810385,16.404488234917356,0.8777030832876986,50.2,3.624819426202209,876.0333333333333,462.60256246226004
epsilon,qsentry,20.0,60.0,12.0,0.3,8.0,40000.0,250000.0,4.0,0.1,0.0,1.0,inf,False,100.0,True,True,1100,0.9989113067263274,0.0007175134977815206,0.025925013207454238,0.006701596853526284,0.02591531014635471,0.007022716932685347,26.074270569867664,6.0159142221341195,121.2,49.16590303245216,15.879125758033542,0.7774893468929469,49.53333333333333,3.535286204620399,30.860233333333333,0.5689886908486165,405.3663305238619,22.989721614568065,777.2842533333329,190.65492024326426,0.0,0.0,0.9844548362580668,0.007095593090916354,0.9650740165024886,0.015813858564692126,0.034925983497511366,0.015813858564692126,0.0,0.0,0.0,0.0,0.9760672334286914,0.03364987834978398,0.0,0.0,0.0,0.0,26.074270569867664,6.0159142221341195,0.0,0.0,0.02762290287280205,0.00751640594091962,16.360324087116716,0.8729600297953278,50.2,3.608867378313321,409.2,266.1445418938309
epsilon,qsentry,20.0,60.0,12.0,0.3,8.0,40000.0,250000.0,4.0,0.2,0.0,1.0,inf,False,100.0,True,True,1100,0.999328887941878,0.0006060853613805377,0.027014066536209785,0.007037197116098405,0.02676376115920241,0.0072462069124624735,19.872005517049228,2.585914990234828,65.53333333333333,14.728700491562034,16.014983025565638,0.8252356426854007,49.8,3.682719145741186,30.873575000000002,0.5725730139424341,377.6200850509647,10.942001563707073,581.5824433333338,84.72948918172933,0.0,0.0,0.9930184922682208,0.0033771609764527972,0.9844925498786731,0.007503684867419381,0.015507450121326967,0.007503684867419381,0.0,0.0,0.0,0.0,1.0,0.0,0.0,0.0,0.0,0.0,19.872005517049228,2.585914990234828,0.0,0.0,0.02776962516508821,0.007387760892196854,16.333429508571957,0.8565330614664514,50.46666666666667,3.7052797209720922,249.1,221.24326044352213
epsilon,qsentry,32.0,60.0,12.0,0.3,8.0,40000.0,250000.0,4.0,0.01,0.0,1.0,inf,False,100.0,True,True,1100,0.9898753853631994,0.005099585371672902,0.4783767015968596,0.056793219759688235,0.4763764215536298,0.057091036436630827,114.95836632826885,20.2803970237447,315.2,54.00294870362237,97.14481585525692,19.717613763907266,295.2,55.75792659523546,49.29794444444444,0.9910421762898294,384.52928404820267,6.503485755708653,5896.850659999994,1135.7078799258848,0.0,0.0,0.9908860234419125,0.0020072486900336336,0.9785528852631835,0.004825194224628341,0.021447114736816496,0.004825194224628344,0.0,0.0,0.0,0.0,0.9432693769812379,0.028242932083328134,0.0,0.0,0.0,0.0,114.95836632826885,20.2803970237447,0.0,0.0,0.4868108581567244,0.05647988066913006,98.81000242789267,19.960828111565544,296.93333333333334,55.884070585213806,6164.433333333333,3220.105632419813
epsilon,qsentry,32.0,60.0,12.0,0.3,8.0,40000.0,250000.0,4.0,0.02,0.0,1.0,inf,False,100.0,True,True,1100,0.9898753342317107,0.005099645471550503,0.47865500460743526,0.056855024449535746,0.47667208608657513,0.057149960133503,114.90657575698715,20.269396755212227,315.26666666666665,54.01661639470976,97.23463663282105,19.741871857434067,295.3333333333333,55.78817936259589,49.29794166666667,0.9910412785266665,384.52451355718404,6.509831425182442,5893.894996666661,1135.2721622265901,0.0,0.0,0.9908874958156837,0.0020092072299946707,0.9785561874419955,0.0048298891615656744,0.021443812558004552,0.004829889161565679,0.0,0.0,0.0,0.0,0.9433063190481398,0.0282252788581365,0.0,0.0,0.0,0.0,114.90657575698715,20.269396755212227,0.0,0.0,0.4870901377834437,0.05653965268789615,98.89747804591583,19.98490232426976,297.0,55.899044463712485,6164.466666666666,3220.1467333533146
epsilon,qsentry,32.0,60.0,12.0,0.3,8.0,40000.0,250000.0,4.0,0.05,0.0,1.0,inf,False,100.0,True,True,1100,0.9898752831002221,0.005099705572864282,0.4789281553177493,0.05684728871725204,0.4770226292335421,0.0571687995514125,114.82322525051978,20.21986569385232,315.46666666666664,53.95532511946934,97.32887730861655,19.768512039467304,295.4,55.80379932089847,49.297938888888886,0.991040380795258,384.5368425067609,6.52771601695368,5888.886556666665,1133.0168649110794,0.0,0.0,0.9908836905843327,0.002014727165726554,0.9785479484327833,0.0048411733025858755,0.021452051567216836,0.00484117330258588,0.0,0.0,0.0,0.0,0.9433419360311789,0.02820843492381281,0.0,0.0,0.0,0.0,114.82322525051978,20.21986569385232,0.0,0.0,0.48736913106350915,0.0565264717544895,98.98650648253097,20.011256635260825,297.06666666666666,55.914346823009964,6164.5,3220.1878352055355
epsilon,qsentry,32.0,60.0,12.0,0.3,8.0,40000.0,250000.0,4.0,0.1,0.0,1.0,inf,False,100.0,True,True,1100,0.9898478366267177,0.005100994857447741,0.4776725527060949,0.05594967544398843,0.47615788007225696,0.056290099708906444,115.37717352943406,20.55448417384821,315.8,54.17477471799272,97.12889504928762,19.64391400525549,295.46666666666664,55.78459402543857,49.29670277777778,0.9919013298288772,384.8234168441016,6.556233455399154,5919.384793333328,1150.6948985462911,0.0,0.0,0.9907952417147832,0.002023528844259077,0.9783271902942923,0.004870176588123963,0.02167280970570771,0.004870176588123964,0.0,0.0,0.0,0.0,0.9429284790904615,0.02826183929385166,0.0,0.0,0.0,0.0,115.37717352943406,20.55448417384821,0.0,0.0,0.4862153336803294,0.05565333721580312,98.76642496173886,19.888380848635347,297.2,55.91223719248421,6179.333333333333,3220.349113277023
epsilon,qsentry,32.0,60.0,12.0,0.3,8.0,40000.0,250000.0,4.0,0.2,0.0,1.0,inf,False,100.0,True,True,1100,0.9898546272944564,0.005088359453945034,0.4782805620398216,0.055192326271421996,0.4772919537228765,0.05552097405164306,115.27655931908852,20.519423249844607,316.93333333333334,53.857499655417506,97.18292062249971,19.560589298272475,295.3333333333333,55.391706666209245,49.2966,0.988852277758691,384.86501282077967,6.5402967330020605,5917.300486666661,1156.3195319878453,0.0,0.0,0.9907824034503766,0.0020186101027784625,0.9783170609741068,0.004779203304989472,0.02168293902589322,0.004779203304989474,0.0,0.0,0.0,0.0,0.9407630338008194,0.029008962979535223,0.0,0.0,0.0,0.0,115.27655931908852,20.519423249844607,0.0,0.0,0.486883999892633,0.054863126430796154,98.78665299719185,19.807756260884023,297.0,55.48880871943316,6180.566666666667,3214.8172238521092
flood,ecdsa-only,26.0,60.0,12.0,0.3,8.0,40000.0,250000.0,4.0,0.02,0.0,1.0,inf,False,100.0,True,True,1100,0.9974235607019835,0.002072439047696807,0.22763200684597193,0.03516661838781591,0.22526749698020168,0.0350717793661553,39.91182567574559,5.1019186882460845,134.8,18.26926196186792,39.55122523948307,5.089401383906967,134.2,18.368210809671634,40.348902777777774,0.9118149640188407,355.0,0.0,1605.3363533333325,240.22394946515172,0.0,0.0,1.0,0.0,1.0,0.0,0.0,0.0,0.0,0.0,0.0,0.0,,,0.0,0.0,0.0,0.0,39.91182567574559,5.1019186882460845,0.0,0.0,0.22763200684597193,0.03516661838781591,39.91182567574559,5.1019186882460845,134.8,18.26926196186792,1259.5,1015.4855887042139
flood,ecdsa-only,26.0,60.0,12.0,0.3,8.0,40000.0,250000.0,4.0,0.02,5.0,1.0,inf,False,100.0,True,True,1100,0.9978330407390583,0.0016957048558808479,0.31738188835111836,0.04236591286258753,0.3145537073419051,0.042429191559261024,54.762778159105544,7.3007494696037405,185.13333333333333,22.96889637497807,54.34387678726808,7.29769943951438,184.73333333333332,22.98714242232523,40.438230555555556,0.8747021248647577,355.0,0.0,2429.5875766666672,389.3783844190255,0.0,0.0,1.0,0.0,1.0,0.0,0.0,0.0,0.0,0.0,0.0,0.0,,,4.985113888888889,0.012165905448117095,0.11002573488996027,0.00211719367553814,54.762778159105544,7.3007494696037405,0.0,0.0,0.31738188835111836,0.04236591286258753,54.762778159105544,7.3007494696037405,185.13333333333333,22.96889637497807,1078.2666666666667,842.5619612843338
flood,ecdsa-only,26.0,60.0,12.0,0.3,8.0,40000.0,250000.0,4.0,0.02,10.0,1.0,inf,False,100.0,True,True,1100,0.9886809262678787,0.0046461933916531525,0.43006422056405924,0.05773184545792422,0.4279141381080043,0.05766166913205458,78.64127521161163,13.508731270157487,239.06666666666666,37.272815394499716,78.25020864752543,13.496908549706475,238.4,37.33605526748975,40.16085833333333,0.9942657961733568,355.0,0.0,3931.5128233333335,755.5152088557778,0.0,0.0,1.0,0.0,1.0,0.0,0.0,0.0,0.0,0.0,0.0,0.0,,,9.900855555555555,0.03671726341487267,0.1983366088959634,0.004196796278210392,78.64127521161163,13.508731270157487,0.0,0.0,0.43006422056405924,0.05773184545792422,78.64127521161163,13.508731270157487,239.06666666666666,37.272815394499716,5627.133333333333,2327.768491873138
flood,ecdsa-only,26.0,60.0,12.0,0.3,8.0,40000.0,250000.0,4.0,0.02,20.0,1.0,inf,False,100.0,True,True,1100,0.9466150672408428,0.011402776597961383,0.8897514603387707,0.03788685073037263,0.8891818331679743,0.03806546173716779,385.42855163126984,65.03157554694891,722.9333333333333,103.12118722467223,385.1044018919301,65.0258706874324,722.6666666666666,103.19214441049581,38.555530555555556,0.3193804243673499,355.0,0.0,23450.197773333333,4177.174675199102,0.0,0.0,1.0,0.0,1.0,0.0,0.0,0.0,0.0,0.0,0.0,0.0,,,18.948152777777775,0.22193059234109036,0.32954580079624285,0.004029090639770144,385.42855163126984,65.03157554694891,0.0,0.0,0.8897514603387707,0.03788685073037263,385.42855163126984,65.03157554694891,722.9333333333333,103.12118722467223,26784.566666666666,6090.343851872715
flood,qsentry,26.0,60.0,12.0,0.3,8.0,40000.0,250000.0,4.0,0.02,0.0,0.5,inf,False,100.0,True,True,1100,0.9762999932533453,0.011248644471619303,0.6329227596205851,0.04331815745435131,0.6922021647638014,0.0432576781456769,239.76677258822428,45.122021178597244,651.0666666666667,132.2462809594045,218.8916171704346,43.413378090732145,563.1333333333333,101.36857818843721,39.52376666666667,1.1390437971725698,467.82968930419787,10.102394539710534,9826.112350000001,1913.2884816567555,0.0,0.0,0.9651760218196918,0.0031180230060836567,0.9208806912712859,0.00782985324295432,0.07911930872871414,0.007829853242954321,0.0,0.0,0.0,0.0,0.962473572297787,0.02697091251489937,0.0,0.0,0.0,0.0,239.76677258822428,45.122021178597244,0.0,0.0,0.6842102156666962,0.04543974189459478,220.10145244481936,43.859043845927296,567.6,102.89876462964384,11161.133333333333,5104.663234274531
flood,qsentry,26.0,60.0,12.0,0.3,8.0,40000.0,250000.0,4.0,0.02,0.0,0.7,inf,False,100.0,True,True,1100,0.9865982464267852,0.005467137960353708,0.4704501521923292,0.0523134385195343,0.49443563098342164,0.05402634795356661,151.9566993030074,31.680816478200704,544.0666666666667,137.6230571794701,108.90569408798939,32.34882778597374,304.2,64.99163873488408,39.92109722222222,0.9798701914125593,462.38602774215326,8.011218415481649,6379.874719999996,1405.3888808703587,0.0,0.0,0.9668561642771113,0.0024725982763832695,0.921651335690128,0.007282142587455751,0.07834866430987199,0.007282142587455755,0.0,0.0,0.0,0.0,0.9408443854315282,0.03244558747316547,0.0,0.0,0.0,0.0,151.9566993030074,31.680816478200704,0.0,0.0,0.5064636043088235,0.054771154659744,112.4608122606203,32.93831920402247,306.8666666666667,65.48199465792293,6393.166666666667,2553.6930606196206
flood,qsentry,26.0,60.0,12.0,0.3,8.0,40000.0,250000.0,4.0,0.02,0.0,1.0,inf,False,100.0,True,True,1100,0.9920993230647899,0.0033122847994227064,0.19153739463937453,0.0348556024198308,0.19194116809153866,0.03548434348770325,87.46372422969297,11.625036859138703,429.6,130.90265297433172,35.68134285584881,4.62143672606291,121.93333333333334,16.32857814747616,40.140855555555554,0.9562960138221984,458.82988081369183,7.712526546418057,3655.6906000000004,501.37420088650356,0.0,0.0,0.967953740489601,0.0023804094279068527,0.9240668580773402,0.006185199441075527,0.07593314192265975,0.006185199441075529,0.0,0.0,0.0,0.0,0.9368171142323688,0.025961863165469935,0.0,0.0,0.0,0.0,87.46372422969297,11.625036859138703,0.0,0.0,0.205373127517033,0.0367068165787828,37.37607444551398,4.78700228919686,123.6,16.572236155835338,3756.0666666666666,1553.6884759270802
flood,qsentry,26.0,60.0,12.0,0.3,8.0,40000.0,250000.0,4.0,0.02,5.0,0.5,inf,False,100.0,True,True,1100,0.989596734784415,0.006510156196096377,0.6551703084464117,0.026113972254713975,0.690430990827752,0.02553562427119166,186.16306782402464,33.40493700914082,464.73333333333335,80.236337653766,179.1835122219641,31.982628612082355,452.53333333333336,79.81961734122058,40.112141666666666,0.9518463504871751,422.0905686159545,7.90154217592289,8345.38959,1489.1451034232512,0.0,0.0,0.9792930343777918,0.0024387475851615323,0.9536045271511657,0.005487337414985231,0.04639547284883425,0.005487337414985226,0.0,0.0,0.0,0.0,0.983824657538152,0.013990663150805348,4.93935,0.04338893790989781,0.09412922597767753,0.0010896767635578865,186.16306782402464,33.40493700914082,0.0,0.0,0.6860551021120478,0.025331559975049683,181.37064672978792,32.506741409531664,454.46666666666664,79.47849546122877,4991.333333333333,3053.915576707781
flood,qsentry,26.0,60.0,12.0,0.3,8.0,40000.0,250000.0,4.0,0.02,5.0,0.7,inf,False,100.0,True,True,1100,0.9922382678411797,0.0042957115483202015,0.5838410379693059,0.03020095656774412,0.6034947784625065,0.030434925279886074,152.0892414495559,20.67860532746603,392.53333333333336,42.69920084964231,132.98897316497357,16.90779744929555,366.0,39.36386938316762,40.21469722222222,0.9061138415100906,420.669466554843,7.2034872084105395,6739.015586666672,923.2871138161972,0.0,0.0,0.9797316461250473,0.002223298521114432,0.9536593996658417,0.005456862487040051,0.04634060033415837,0.005456862487040047,0.0,0.0,0.0,0.0,0.9723604384701663,0.02019183631011345,4.962075,0.021676811147111386,0.09456614992312337,0.0009494605829630724,152.0892414495559,20.67860532746603,0.0,0.0,0.6106808669340329,0.02944932059013323,136.31562678792423,16.870651411560353,369.1333333333333,39.65359212003646,3760.6666666666665,2056.4159534640885
flood,qsentry,26.0,60.0,12.0,0.3,8.0,40000.0,250000.0,4.0,0.02,5.0,1.0,inf,False,100.0,True,True,1100,0.9954564025733232,0.0021992588825951705,0.28525738470363177,0.04318561275491152,0.2837753435161497,0.04311224563500572,85.34261425597704,8.206145179101068,235.53333333333333,27.221446609886684,50.46067246847805,6.87429253807015,176.0,22.576887177906848,40.34509166666667,0.895506639215464,418.9701742570278,7.069752183217724,3704.9964999999993,400.55028585166235,0.0,0.0,0.9802561190564724,0.0021820222787709495,0.9536342629052416,0.005451325973797255,0.04636573709475844,0.005451325973797254,0.0,0.0,0.0,0.0,0.950324049694532,0.027937739836211003,4.986575,0.011232269393850745,0.09505637688224368,0.0009613448847054724,85.34261425597704,8.206145179101068,0.0,0.0,0.29715767326711356,0.04347853228450847,52.16939562199932,6.978032810140786,178.4,22.778217612598656,2195.9333333333334,1052.7487069060976
flood,qsentry,26.0,60.0,12.0,0.3,8.0,40000.0,250000.0,4.0,0.02,10.0,0.5,inf,False,100.0,True,True,1100,0.9812619277153927,0.007186671770495946,0.6455681109397774,0.03792364526462786,0.6647949780175865,0.03763449558117541,157.81028471108178,34.392579980314274,390.73333333333335,60.638890039901376,156.89416580878466,34.61931504656651,385.2,60.72750753790156,39.86527222222222,1.0449089948146189,388.21262580751386,8.457256719904503,7880.761876666666,1713.6424041981702,0.0,0.0,0.9897491895655822,0.0026102644197236453,0.9773355036571734,0.005772423063746212,0.022664496342826603,0.005772423063746212,0.0,0.0,0.0,0.0,0.9850044582554704,0.017124644511908454,9.842883333333333,0.05315904912265699,0.1848529126440215,0.002200652601547513,157.81028471108178,34.392579980314274,0.0,0.0,0.660224880214754,0.03814651844983298,157.17099875291257,34.61704317986355,386.6,60.68633923578446,9174.166666666666,3538.811442741998
flood,qsentry,26.0,60.0,12.0,0.3,8.0,40000.0,250000.0,4.0,0.02,10.0,0.7,inf,False,100.0,True,True,1100,0.9824897084474682,0.006699413729855131,0.6017089273899607,0.046601596896804175,0.6128132629925528,0.04671842384197283,142.03747866905908,28.681452625904964,366.73333333333335,61.50582481235833,133.95977707917027,26.535805982155768,353.3333333333333,60.20356834716412,39.91341944444444,1.0308964617012617,387.56416290538834,8.334207823241439,7033.470640000004,1438.6031873614243,0.0,0.0,0.989949332436608,0.002572286365198101,0.9773531885211858,0.005772457587293868,0.022646811478814144,0.005772457587293868,0.0,0.0,0.0,0.0,0.9698276568988613,0.027277215177796278,9.85871388888889,0.05068131422085511,0.18515441401899702,0.00226948237275143,142.03747866905908,28.681452625904964,0.0,0.0,0.6145147194610364,0.04639972979623432,135.57998559308837,27.039565001693042,355.0,60.276651378678224,8596.4,3307.71621886767
flood,qsentry,26.0,60.0,12.0,0.3,8.0,40000.0,250000.0,4.0,0.02,10.0,1.0,inf,False,100.0,True,True,1100,0.987109574525159,0.004857126045539038,0.40752466534753584,0.05676437651509271,0.4057074085525409,0.05685075284288912,93.62201746928783,14.017284584186056,256.06666666666666,34.86942060959037,75.17161515411782,13.363288808021299,233.0,38.0234968730691,40.09955277777778,1.0080382601790008,385.10213624180597,8.000455345371376,4622.107043333337,808.8245579204631,0.0,0.0,0.9907092172093189,0.0024692763411641077,0.9773766464265093,0.00577538469896164,0.022623353573490705,0.00577538469896164,0.0,0.0,0.0,0.0,0.8681297235951897,0.07859265330277317,9.906422222222222,0.03664055764096383,0.186118558054487,0.0023043247377105085,93.62201746928783,14.017284584186056,0.0,0.0,0.4144281319829346,0.05649440472366771,76.43032779595455,13.435233878232063,234.53333333333333,38.00714781347152,6362.8,2433.0740026235735
flood,qsentry,26.0,60.0,12.0,0.3,8.0,40000.0,250000.0,4.0,0.02,20.0,0.5,inf,False,100.0,True,True,1100,0.94609426691891,0.011331214284482525,0.89582669453736,0.036912957054841045,0.8956758785894844,0.037086768591620786,393.0162790449777,66.8490689986631,730.4666666666667,104.51323052988519,392.71818575758994,66.84424149737887,730.2,104.5753478587427,38.53458055555555,0.3197183992569637,355.52986288766914,0.4976661034075006,23889.42722000001,4266.15263486458,0.0,0.0,0.9998364620717071,0.00015360064919984904,0.9996530595179571,0.0003268209860896845,0.000346940482042921,0.00032682098608968437,0.0,0.0,0.0,0.0,1.0,0.0,18.932325,0.22124387647008362,0.3291541649778235,0.0040289564544610645,393.0162790449777,66.8490689986631,0.0,0.0,0.8961371629567634,0.036910304907055276,393.17920590382596,66.89435252793241,730.4666666666667,104.51323052988519,27035.966666666667,6055.168436144228
flood,qsentry,26.0,60.0,12.0,0.3,8.0,40000.0,250000.0,4.0,0.02,20.0,0.7,inf,False,100.0,True,True,1100,0.9460937330923208,0.011331193225397012,0.8957398454816982,0.036918373414950904,0.8955984116774443,0.03708929936575652,392.9858156278097,66.84048025082564,730.4666666666667,104.51323052988519,392.6568603980826,66.82609490589395,730.2666666666667,104.58801514048875,38.53455833333333,0.31970858818056497,355.5292350989158,0.49730925335810716,23886.731260000004,4265.493842611805,0.0,0.0,0.999836655833668,0.0001534905102957057,0.9996534629173098,0.00032658965718169764,0.0003465370826902225,0.00032658965718169807,0.0,0.0,0.0,0.0,1.0,0.0,18.932319444444445,0.2212539829473484,0.32915460365777316,0.004028984232580057,392.9858156278097,66.84048025082564,0.0,0.0,0.8960498929116522,0.036915621497532795,393.12815575660676,66.87931762641774,730.4666666666667,104.51323052988519,27036.233333333334,6055.157916147677
flood,qsentry,26.0,60.0,12.0,0.3,8.0,40000.0,250000.0,4.0,0.02,20.0,1.0,inf,False,100.0,True,True,1100,0.9464625249253485,0.01137226762150342,0.8891735563003464,0.03793782575990953,0.8884894260778747,0.038130182400372574,385.17090437810486,64.82530235971936,722.6,103.04859794265653,384.552488101943,64.84601446196699,722.2,103.10181124497986,38.54944166666667,0.3197530641622183,355.23953820535206,0.24037688433277232,23506.70522666667,4180.963955905875,0.0,0.0,0.9999260684551383,7.419039639900426e-05,0.9996591705478557,0.00032616630010133676,0.0003408294521443608,0.00032616630010133535,0.0,0.0,0.0,0.0,0.5329637156139159,0.4141590545403362,18.94919722222222,0.2219216270482,0.3294440858289129,0.004023036422655167,385.17090437810486,64.82530235971936,0.0,0.0,0.889301791372894,0.03790191331817953,385.0142365079429,64.87096715959372,722.5333333333333,103.05835514960752,26857.633333333335,6075.46171862216
horizon,ecdsa-only,32.0,60.0,12.0,0.3,8.0,40000.0,250000.0,4.0,0.02,0.0,1.0,inf,False,100.0,True,True,300,0.9682635041744019,0.02522684163788509,0.5971024862841439,0.1771015931346348,0.5940369848529441,0.17794063393856713,112.60429741218104,53.02297682185117,231.0,63.78766215512705,112.00433608031747,52.949539135874936,230.6,63.69060539786092,49.72604166666667,3.1788964618630975,355.0,0.0,6180.615750000002,3068.288878710287,0.0,0.0,1.0,0.0,1.0,0.0,0.0,0.0,0.0,0.0,0.0,0.0,,,0.0,0.0,0.0,0.0,112.60429741218104,53.02297682185117,0.0,0.0,0.5971024862841439,0.1771015931346348,112.60429741218104,53.02297682185117,231.0,63.78766215512705,4207.3,3446.8273250056814
horizon,ecdsa-only,32.0,60.0,12.0,0.3,8.0,40000.0,250000.0,4.0,0.02,0.0,1.0,inf,False,100.0,True,True,1100,0.9915729233392252,0.01038724546914352,0.5151757730650058,0.11100828239413801,0.5123290575910193,0.1116068217080805,105.79787554386719,39.5302677080438,320.2,113.8138607600682,105.35392686510889,39.551840526831676,319.8,114.10923078128397,49.81193333333333,1.9301598967985136,355.0,0.0,5441.522609999998,2130.8588777921605,0.0,0.0,1.0,0.0,1.0,0.0,0.0,0.0,0.0,0.0,0.0,0.0,,,0.0,0.0,0.0,0.0,105.79787554386719,39.5302677080438,0.0,0.0,0.5151757730650058,0.11100828239413801,105.79787554386719,39.5302677080438,320.2,113.8138607600682,5131.3,6381.820589240865
horizon,ecdsa-only,32.0,60.0,12.0,0.3,8.0,40000.0,250000.0,4.0,0.02,0.0,1.0,inf,False,100.0,True,True,5100,0.9984387724354832,0.0015404164262259315,0.5027891951039989,0.05382970938008834,0.49998582948122083,0.05408506866641231,99.82238819022051,17.66536263827474,329.6,57.47857992897135,99.33366247916793,17.645083027862796,329.2,57.70526001327894,49.34538,1.1190741439780674,355.0,0.0,4917.791844000016,965.3092837004663,0.0,0.0,1.0,0.0,1.0,0.0,0.0,0.0,0.0,0.0,0.0,0.0,,,0.0,0.0,0.0,0.0,99.82238819022051,17.66536263827474,0.0,0.0,0.5027891951039989,0.05382970938008834,99.82238819022051,17.66536263827474,329.6,57.47857992897135,4692.1,4646.855035875769
horizon,ecdsa-only,38.0,60.0,12.0,0.3,8.0,40000.0,250000.0,4.0,0.02,0.0,1.0,inf,False,100.0,True,True,300,0.8669907090908415,0.06261017527136613,0.8872444300588098,0.06460442983426117,0.8863298296223387,0.06427839249600122,253.28901345033802,92.4309885149941,436.8,94.08313785533907,252.77240744215882,92.43223140206578,436.0,94.48068794168721,53.603625,3.3559349238700746,355.0,0.0,15986.939249999992,5230.050570634134,0.0,0.0,1.0,0.0,1.0,0.0,0.0,0.0,0.0,0.0,0.0,0.0,,,0.0,0.0,0.0,0.0,253.28901345033802,92.4309885149941,0.0,0.0,0.8872444300588098,0.06460442983426117,253.28901345033802,92.4309885149941,436.8,94.08313785533907,20944.4,11089.46379823368
horizon,ecdsa-only,38.0,60.0,12.0,0.3,8.0,40000.0,250000.0,4.0,0.02,0.0,1.0,inf,False,100.0,True,True,1100,0.9612058530337777,0.02066507399329975,0.8763833427632827,0.06215859514643104,0.8751773386630115,0.06279737250839058,323.61188423244084,104.19693670934701,649.2,165.05509191069342,322.9791268191126,104.2351550259711,648.4,165.24596569843143,56.43195000000001,1.157273395597547,355.0,0.0,19413.368119999996,7090.004477979323,0.0,0.0,1.0,0.0,1.0,0.0,0.0,0.0,0.0,0.0,0.0,0.0,,,0.0,0.0,0.0,0.0,323.61188423244084,104.19693670934701,0.0,0.0,0.8763833427632827,0.06215859514643104,323.61188423244084,104.19693670934701,649.2,165.05509191069342,28167.1,16149.735035107953
horizon,ecdsa-only,38.0,60.0,12.0,0.3,8.0,40000.0,250000.0,4.0,0.02,0.0,1.0,inf,False,100.0,True,True,5100,0.9891349344643056,0.00461790109684219,0.908807696067972,0.05283939975337874,0.9081037254962807,0.05323802512752735,568.4235353887793,206.8578967596166,1145.2,299.1400617650419,567.9173759079314,206.9193579827415,1145.0,299.14808288642,57.32266499999999,0.6808736479902764,355.0,0.0,32975.164050000065,12257.747764419408,0.0,0.0,1.0,0.0,1.0,0.0,0.0,0.0,0.0,0.0,0.0,0.0,,,0.0,0.0,0.0,0.0,568.4235353887793,206.8578967596166,0.0,0.0,0.908807696067972,0.05283939975337874,568.4235353887793,206.8578967596166,1145.2,299.1400617650419,37979.9,16391.246064635878
horizon,qsentry,32.0,60.0,12.0,0.3,8.0,40000.0,250000.0,4.0,0.02,0.0,1.0,inf,False,100.0,False,True,300,0.8760363026259153,0.01846978277941298,0.41179138695629625,0.11631298512000326,0.42199849899070446,0.12246553093301611,114.54280948140567,18.99321214334359,278.6,116.6590937152087,69.47879276218218,22.429850341653772,190.4,53.07607585225171,45.04591666666666,3.238964206566196,411.1640968707643,14.474199243168133,11849.420800000005,2632.4435967144786,0.0,0.0,0.9826654022003816,0.004467345445422424,0.8542283474018466,0.015951314954399165,0.14577165259815342,0.01595131495439915,0.0,0.0,0.0,0.0,0.23632613441345812,0.0696480247034821,0.0,0.0,0.0,0.0,114.54280948140567,18.99321214334359,0.0,0.0,0.42809158131217073,0.12047587883622034,70.2658000054373,22.189331488956867,191.8,53.74103381662157,15439.6,2948.4207643329046
horizon,qsentry,32.0,60.0,12.0,0.3,8.0,40000.0,250000.0,4.0,0.02,0.0,1.0,inf,False,100.0,False,True,1100,0.9138554552929271,0.011893820013692777,0.36109306703483496,0.07132469276878313,0.3742053096055267,0.07581159714635294,314.4211571555658,29.53985233869484,1998.8,539.2884201368174,66.6740761878628,17.41806662628175,229.2,66.39926890679311,45.877525,1.3190820301926431,443.68434567250114,9.127134258772013,30007.423679999985,5239.94573464959,0.0,0.0,0.9726282883726849,0.0028170167465344366,0.8641126540346354,0.008733427063563356,0.13588734596536453,0.008733427063563354,0.0,0.0,0.0,0.0,0.41294060888803513,0.052906827203402174,0.0,0.0,0.0,0.0,314.4211571555658,29.53985233869484,0.0,0.0,0.3838320199765981,0.07462141812054472,67.53281299049986,17.14935903778815,230.4,66.07168637706332,52344.2,8736.951670143186
horizon,qsentry,32.0,60.0,12.0,0.3,8.0,40000.0,250000.0,4.0,0.02,0.0,1.0,inf,False,100.0,False,True,5100,0.9256600062684741,0.006692644665353463,0.34366231959132654,0.032815026403924016,0.35770386698807954,0.0347494497781213,1218.7668766349498,56.63106557031916,3599.0,0.0,63.62262159771743,8.340707292418868,229.2,33.893459557188486,45.736108333333334,0.733472756621425,452.7928845986065,6.760968184261188,116410.39580600018,13960.760067358302,0.0,0.0,0.9698170109263551,0.002086718575388627,0.8642893778111469,0.0019631936512898786,0.13571062218885305,0.001963193651289875,0.0,0.0,0.0,0.0,0.45867658274058415,0.03991463062363254,0.0,0.0,0.0,0.0,1218.7668766349498,56.63106557031916,0.0,0.0,0.36807709825174195,0.03344143113050204,64.5587394348038,8.05398554557998,228.2,32.67544878486179,221248.4,24875.265069766814
horizon,qsentry,32.0,60.0,12.0,0.3,8.0,40000.0,250000.0,4.0,0.02,0.0,1.0,inf,False,100.0,True,True,300,0.9597200734114792,0.024970584703681686,0.5675726258501743,0.18498233613699622,0.5649965918226071,0.1872119341686844,116.58864229863752,50.55811465793704,231.6,64.56397162183542,106.22979655196818,52.18210932315493,224.6,65.24989202361361,49.308,3.3030306396367717,379.5001358121446,15.89433087195145,6763.023649999997,2980.977513256383,0.0,0.0,0.9924382296876096,0.00490565767652823,0.9747803237628592,0.013237858740944434,0.025219676237140908,0.013237858740944445,0.0,0.0,0.0,0.0,0.6152296866527165,0.26621888411196776,0.0,0.0,0.0,0.0,116.58864229863752,50.55811465793704,0.0,0.0,0.5760421823981704,0.1844756509856727,108.12267385200228,52.256685031266784,225.6,65.04478798443999,5210.6,3450.228317622982
horizon,qsentry,32.0,60.0,12.0,0.3,8.0,40000.0,250000.0,4.0,0.02,0.0,1.0,inf,False,100.0,True,True,1100,0.9896901001346745,0.01079027588704411,0.4872379398527572,0.12022008230412767,0.4851305368794204,0.12152827184570252,116.21219634168624,39.9274737989812,332.2,109.0855040924249,100.88722244396658,38.79646234781711,313.4,114.78609373953077,49.72179166666667,1.9908113524218212,379.4416352991524,9.852670749720899,6094.02276,2152.580246228279,0.0,0.0,0.9924562854014958,0.0030409477622595177,0.9813256356163886,0.008428073648009229,0.0186743643836114,0.008428073648009233,0.0,0.0,0.0,0.0,0.9133099936324172,0.061078847650670856,0.0,0.0,0.0,0.0,116.21219634168624,39.9274737989812,0.0,0.0,0.49446117023171327,0.12022841347655928,102.34100200852912,39.0402154986853,315.2,114.57319222707255,6213.0,6627.291629515313
horizon,qsentry,32.0,60.0,12.0,0.3,8.0,40000.0,250000.0,4.0,0.02,0.0,1.0,inf,False,100.0,True,True,5100,0.9979232946190079,0.0013678059181231601,0.4797992636689424,0.05561694229169344,0.47705206674437584,0.05592253110764113,113.06470127965994,14.980938770262705,346.6,53.322968006515424,95.84407244147914,17.860978113336976,324.0,58.87116427229599,49.32017333333333,1.124872330025244,380.2807485959075,8.257449992520739,5605.312448,845.483594733497,0.0,0.0,0.9921972998160786,0.0025485956767038807,0.9820368823807584,0.005686283256342644,0.017963117619241582,0.005686283256342648,0.0,0.0,0.0,0.0,0.9593615068758993,0.024063655235900084,0.0,0.0,0.0,0.0,113.06470127965994,14.980938770262705,0.0,0.0,0.48772993754228555,0.0539184566490948,97.51501996791376,17.81492537660688,326.0,58.80158343725908,6204.5,4128.455721577417
horizon,qsentry,38.0,60.0,12.0,0.3,8.0,40000.0,250000.0,4.0,0.02,0.0,1.0,inf,False,100.0,False,True,300,0.8052321058899755,0.04424680252508915,0.6885427975749046,0.09447747777708983,0.6954025259349834,0.09001356785247915,166.71171961293624,42.14243605661593,367.4,70.02804587293166,159.27128563420038,46.09825598845254,362.2,72.61551898380537,49.980916666666666,3.9424739520847494,363.16003594768705,6.599854322242176,20330.049950000008,4129.357456140626,0.0,0.0,0.9974814703865164,0.0020369920747660645,0.8663774405118939,0.031513613576926475,0.13362255948810614,0.031513613576926496,0.0,0.0,0.0,0.0,0.034617243358300326,0.029814873392008667,0.0,0.0,0.0,0.0,166.71171961293624,42.14243605661593,0.0,0.0,0.6919599758082353,0.09357679947038122,158.36455061284917,46.062662105570396,361.4,73.55718235273014,29638.9,8464.55589857344
horizon,qsentry,38.0,60.0,12.0,0.3,8.0,40000.0,250000.0,4.0,0.02,0.0,1.0,inf,False,100.0,False,True,1100,0.8826648733091021,0.011439868538194646,0.589342814797723,0.05627092286338495,0.6059280579802705,0.057967791627896434,285.405345536658,23.62064429807619,505.6,98.66751720474541,154.01851264144085,41.97467027875532,450.8,101.06653913379452,51.85205833333333,1.478736536513278,389.5136622580384,7.448648642760339,47010.139229999964,5660.296964716725,0.0,0.0,0.9893476351055435,0.0022989656304816465,0.871754756087828,0.008943276514951573,0.128245243912172,0.008943276514951564,0.0,0.0,0.0,0.0,0.1639277490964031,0.03631290947904872,0.0,0.0,0.0,0.0,285.405345536658,23.62064429807619,0.0,0.0,0.6031728723861662,0.055133767756105526,152.73216189446586,41.04844507330586,449.0,99.17552018579084,83125.8,10677.203485244272
horizon,qsentry,38.0,60.0,12.0,0.3,8.0,40000.0,250000.0,4.0,0.02,0.0,1.0,inf,False,100.0,False,True,5100,0.8975845299448839,0.00602051073728927,0.5594014782441153,0.032056924003579644,0.5790301329847168,0.03250408684728441,869.0672119465002,47.446415670860844,568.6,82.33147159790975,142.2117655579942,16.39430123643982,473.6,68.62804728880019,52.013373333333334,0.4737393993213872,397.6221284389459,3.306865858898672,184589.27470800027,15752.411653747627,0.0,0.0,0.9868450220867444,0.0010206376107707237,0.8744385170448279,0.003730076802186342,0.1255614829551721,0.003730076802186346,0.0,0.0,0.0,0.0,0.2100207892401754,0.022140898944902388,0.0,0.0,0.0,0.0,869.0672119465002,47.446415670860844,0.0,0.0,0.5760940211225483,0.03191908014168385,140.87319938462278,16.044276795169008,471.0,66.86876031087785,356537.4,24849.76004796721
horizon,qsentry,38.0,60.0,12.0,0.3,8.0,40000.0,250000.0,4.0,0.02,0.0,1.0,inf,False,100.0,True,True,300,0.8667880377625522,0.06283541688622798,0.883206137550931,0.0673570914044764,0.8812118043957324,0.06809202280771803,250.48950349417038,93.02724462263619,433.6,94.37181781981927,249.66970253277964,93.09024658866268,432.8,94.399288053707,53.588166666666666,3.347612944418983,355.03750523662177,0.08484273966646572,16037.104649999994,5217.323811683849,0.0,0.0,0.9999884243096847,2.618603076124474e-05,0.9982486430288178,0.0023228995868216826,0.0017513569711821418,0.002322899586821681,0.0,0.0,0.0,0.0,0.017241379310344827,0.0478697431930654,0.0,0.0,0.0,0.0,250.48950349417038,93.02724462263619,0.0,0.0,0.8832208548514254,0.06734158658622494,250.48079601995352,93.03048244520656,433.6,94.37181781981927,20981.5,11138.519857046722
horizon,qsentry,38.0,60.0,12.0,0.3,8.0,40000.0,250000.0,4.0,0.02,0.0,1.0,inf,False,100.0,True,True,1100,0.9611567737012037,0.020713481237260727,0.8733667480526728,0.06199132706215289,0.8721551558092344,0.06251043073272315,323.33028905908503,103.64673811647675,648.6,164.69691803908637,321.74688538367036,103.79612477516282,647.6,164.80356180245025,56.42885833333334,1.1544494518930406,355.4260463947704,0.6739860494759343,19467.00883000001,7112.113290802496,0.0,0.0,0.9998685041991451,0.00020802038564070972,0.9996397204334195,0.00044448076541134306,0.00036027956658048275,0.0004444807654113387,0.0,0.0,0.0,0.0,0.6172413793103448,0.651872720238651,0.0,0.0,0.0,0.0,323.33028905908503,103.64673811647675,0.0,0.0,0.8736101500491273,0.061944195933953276,322.4778722975051,103.79795644973643,648.4,164.61162236735674,28204.2,16186.641307340553
horizon,qsentry,38.0,60.0,12.0,0.3,8.0,40000.0,250000.0,4.0,0.02,0.0,1.0,inf,False,100.0,True,True,5100,0.9891349344643056,0.00461790109684219,0.9081939736458458,0.052799464574720345,0.9074975820082196,0.05318045129231756,568.2769523173422,206.33162185654672,1145.0,298.74029182088793,567.4003944993417,206.54448197730912,1144.6,298.84670589182025,57.32266499999999,0.6808736479902764,355.0995941862917,0.13214201342497733,32988.99795000006,12256.014455060998,0.0,0.0,0.9999692610536137,4.0784572044752714e-05,0.9999268499115164,8.82968110744991e-05,7.315008848359033e-05,8.829681107449807e-05,0.0,0.0,0.0,0.0,0.8,0.5552890210395587,0.0,0.0,0.0,0.0,568.2769523173422,206.33162185654672,0.0,0.0,0.9082544797161856,0.05279207254810479,567.9347789505798,206.48201217530993,1145.0,298.74029182088793,37979.9,16391.246064635878
legacy,ecdsa-only,32.0,60.0,12.0,0.05,8.0,40000.0,250000.0,4.0,0.02,0.0,1.0,inf,False,100.0,True,True,1100,0.9901907693362979,0.00436630416939658,0.512758573578084,0.051668761645534286,0.5096067418924121,0.05182218665798739,101.13481104100016,15.848915834508222,302.6666666666667,40.88817285694655,100.5661103160401,15.865943384408977,301.3333333333333,40.75484457605168,49.297555555555554,1.0903619532265383,355.0,0.0,5111.821386666665,919.1802986393056,0.0,0.0,1.0,0.0,1.0,0.0,0.0,0.0,0.0,0.0,0.0,0.0,,,0.0,0.0,0.0,0.0,101.13481104100016,15.848915834508222,0.0,0.0,0.512758573578084,0.051668761645534286,101.13481104100016,15.848915834508222,302.6666666666667,40.88817285694655,6021.633333333333,2717.4776576039926
legacy,ecdsa-only,32.0,60.0,12.0,0.15,8.0,40000.0,250000.0,4.0,0.02,0.0,1.0,inf,False,100.0,True,True,1100,0.9905053197702999,0.004334603148337312,0.5192104258592638,0.05134674734843355,0.5163246009816927,0.051362447640666054,106.14670505730648,17.975701737667514,313.2,46.05637681570622,105.57098527547616,17.951322896112256,312.26666666666665,46.11652410588008,49.43645,1.0699697009826297,355.0,0.0,5371.122699999998,1004.3121505910827,0.0,0.0,1.0,0.0,1.0,0.0,0.0,0.0,0.0,0.0,0.0,0.0,,,0.0,0.0,0.0,0.0,106.14670505730648,17.975701737667514,0.0,0.0,0.5192104258592638,0.05134674734843355,106.14670505730648,17.975701737667514,313.2,46.05637681570622,5866.733333333334,2707.8794704487364
legacy,ecdsa-only,32.0,60.0,12.0,0.3,8.0,40000.0,250000.0,4.0,0.02,0.0,1.0,inf,False,100.0,True,True,1100,0.9909423395032183,0.004952866621526722,0.5038300522444084,0.053236074777615806,0.5011138549218432,0.05342782212153685,102.07968049923275,20.04586382767626,302.6666666666667,55.805413344631276,101.64439473760952,20.065390568325743,302.2,55.901659176234176,49.34927777777777,0.977993134756587,355.0,0.0,5173.245176666662,1102.0576467374683,0.0,0.0,1.0,0.0,1.0,0.0,0.0,0.0,0.0,0.0,0.0,0.0,,,0.0,0.0,0.0,0.0,102.07968049923275,20.04586382767626,0.0,0.0,0.5038300522444084,0.053236074777615806,102.07968049923275,20.04586382767626,302.6666666666667,55.805413344631276,5548.433333333333,3125.177827798048
legacy,ecdsa-only,32.0,60.0,12.0,0.5,8.0,40000.0,250000.0,4.0,0.02,0.0,1.0,inf,False,100.0,True,True,1100,0.9937776104728014,0.0033359943421356654,0.5122043156288053,0.0465779865989209,0.5104884598758399,0.04671868845762867,103.82019703525863,18.548772939157423,311.2,52.03472485453066,103.4696342232423,18.537227136797522,310.6,51.970023157458286,49.25613888888889,0.9322220876357104,355.0,0.0,5228.263639999999,1042.9670961574122,0.0,0.0,1.0,0.0,1.0,0.0,0.0,0.0,0.0,0.0,0.0,0.0,,,0.0,0.0,0.0,0.0,103.82019703525863,18.548772939157423,0.0,0.0,0.5122043156288053,0.0465779865989209,103.82019703525863,18.548772939157423,311.2,52.03472485453066,3786.133333333333,2072.967724080183
legacy,ecdsa-only,32.0,60.0,12.0,0.8,8.0,40000.0,250000.0,4.0,0.02,0.0,1.0,inf,False,100.0,True,True,1100,0.9914930991882441,0.004167038313685535,0.5196093838115728,0.05815228709152777,0.5188256551493533,0.05819593868323572,105.70254285267869,19.280182616462028,292.53333333333336,41.05415403982146,105.56016966587967,19.27687151436145,292.2,40.92085741266815,49.52318888888889,1.0485633785864663,355.0,0.0,5362.215686666666,1064.4788237900486,0.0,0.0,1.0,0.0,1.0,0.0,0.0,0.0,0.0,0.0,0.0,0.0,,,0.0,0.0,0.0,0.0,105.70254285267869,19.280182616462028,0.0,0.0,0.5196093838115728,0.05815228709152777,105.70254285267869,19.280182616462028,292.53333333333336,41.05415403982146,5216.066666666667,2622.679135911444
legacy,falcon-only,32.0,60.0,12.0,0.05,8.0,40000.0,250000.0,4.0,0.02,0.0,1.0,inf,False,100.0,True,True,1100,0.168730500155208,0.008017439352836171,0.23916169407597768,0.008814431463188341,1.0,0.0,6798.495957713651,209.41958509399134,3599.0,0.0,6802.536595726977,210.6834818074912,3599.0,0.0,8.357566666666667,0.2923934476047004,1740.0919328903938,0.33937103986243333,271014.07509333343,10009.266216900212,0.0,0.0,0.5725024898486437,0.00010474414810573049,0.05000709450746657,9.61403283003065e-05,0.9499929054925335,9.614032830030632e-05,0.0,0.0,0.0,0.0,0.16873377129388598,0.00802749179738442,0.0,0.0,0.0,0.0,6798.495957713651,209.41958509399134,0.0,0.0,1.0,0.0,6802.536595726977,210.6834818074912,3599.0,0.0,497301.5,15305.452319646787
legacy,falcon-only,32.0,60.0,12.0,0.15,8.0,40000.0,250000.0,4.0,0.02,0.0,1.0,inf,False,100.0,True,True,1100,0.19247154977879863,0.008583086820321177,0.47899206004723477,0.011227223023818912,1.0,0.0,6457.280402544264,200.85815564703645,3599.0,0.0,6458.059143214308,200.96567892993502,3599.0,0.0,9.557094444444443,0.29257006414536535,1594.3001185121416,0.4832641973940145,264394.3333900002,10409.730915280934,0.0,0.0,0.6174999634221788,0.0001491556164795764,0.1500053633853166,0.00015384363439249407,0.8499946366146834,0.00015384363439249258,0.0,0.0,0.0,0.0,0.19247637625182432,0.008597612590626198,0.0,0.0,0.0,0.0,6457.280402544264,200.85815564703645,0.0,0.0,1.0,0.0,6458.059143214308,200.96567892993502,3599.0,0.0,484419.0,15372.751281240777
legacy,falcon-only,32.0,60.0,12.0,0.3,8.0,40000.0,250000.0,4.0,0.02,0.0,1.0,inf,False,100.0,True,True,1100,0.23917537642257491,0.006340526001267607,0.6410300742576588,0.006107173896020459,1.0,0.0,5797.813969492022,163.86056929265874,3599.0,0.0,5796.730335332614,163.55255247228538,3599.0,0.0,11.890583333333332,0.2879919558635237,1375.6214306170843,0.6419542591490978,245938.36454999994,7370.756748063602,0.0,0.0,0.6849933856120113,0.00019813403060161414,0.2999110453909284,0.0002368970845134066,0.7000889546090716,0.00023689708451340947,0.0,0.0,0.0,0.0,0.23914890348041315,0.006337640150756579,0.0,0.0,0.0,0.0,5797.813969492022,163.86056929265874,0.0,0.0,1.0,0.0,5796.730335332614,163.55255247228538,3599.0,0.0,455052.76666666666,11763.704274022934
legacy,falcon-only,32.0,60.0,12.0,0.5,8.0,40000.0,250000.0,4.0,0.02,0.0,1.0,inf,False,100.0,True,True,1100,0.3278884915602098,0.010172374850436192,0.7522583223248555,0.0057831387704183395,1.0,0.0,4917.781458501237,190.13178125737463,3599.0,0.0,4916.940324825685,190.37149198246084,3599.0,0.0,16.207666666666668,0.3688389831894625,1084.307550649455,0.5563545982423156,218988.9903199999,7959.877773392557,0.0,0.0,0.7749050769600452,0.00017171438217353308,0.49977715977367604,0.0002846333265787306,0.5002228402263239,0.00028463332657872913,0.0,0.0,0.0,0.0,0.32789817452972236,0.010248151687188352,0.0,0.0,0.0,0.0,4917.781458501237,190.13178125737463,0.0,0.0,1.0,0.0,4916.940324825685,190.37149198246084,3599.0,0.0,400367.8,12708.989670799197
legacy,falcon-only,32.0,60.0,12.0,0.8,8.0,40000.0,250000.0,4.0,0.02,0.0,1.0,inf,False,100.0,True,True,1100,0.6118303847974819,0.01616165942460756,0.8668040397720287,0.0030551754310839457,1.0,0.0,2650.939277416631,187.6480802042789,3548.0,61.706247983782575,2650.510329780611,187.7037748298419,3548.0,61.706247983782575,30.454483333333332,0.3428670785430548,646.695131554927,0.37109998997593846,127835.03671333338,9611.88687669882,0.0,0.0,0.909970638408971,0.00011453703394339786,0.7999054130207656,0.00019296581255848376,0.20009458697923438,0.00019296581255848804,0.0,0.0,0.0,0.0,0.6117436547241177,0.01618169378432163,0.0,0.0,0.0,0.0,2650.939277416631,187.6480802042789,0.0,0.0,1.0,0.0,2650.510329780611,187.7037748298419,3548.0,61.706247983782575,234040.53333333333,14246.121853414197
legacy,qsentry,32.0,60.0,12.0,0.05,8.0,40000.0,250000.0,4.0,0.02,0.0,1.0,inf,False,100.0,True,True,1100,0.9886890062758691,0.004511320254562806,0.4871517765332455,0.05418432011211436,0.48438786748578166,0.05381778448187297,116.25509885357891,13.723825416800446,330.26666666666665,46.82791346413929,95.99692702662448,16.07484338667926,291.6666666666667,40.79835369296699,49.224669444444444,1.1021959999847004,382.5495097424639,7.664413127420914,6026.791416666662,873.5314433388742,0.0,0.0,0.9914970648943014,0.0023655596072286603,0.9789983297483589,0.0053322247247821995,0.0210016702516411,0.0053322247247821995,0.0,0.0,0.0,0.0,0.827123905789124,0.10155832990940991,0.0,0.0,0.0,0.0,116.25509885357891,13.723825416800446,0.0,0.0,0.4947581059252322,0.053049704014442735,97.65028681580148,16.035548763555173,293.93333333333334,40.921390054175205,6896.266666666666,2781.252713168004
legacy,qsentry,32.0,60.0,12.0,0.15,8.0,40000.0,250000.0,4.0,0.02,0.0,1.0,inf,False,100.0,True,True,1100,0.989317571101037,0.00436883893691885,0.4957001581402666,0.053932406866432844,0.4933802712484804,0.05340805335508112,121.60257549944967,15.195133342325121,340.73333333333335,51.14427382428965,100.98835214999472,18.21339235973009,302.73333333333335,46.25071710057731,49.37931666666667,1.082482514628742,381.64012756756125,7.83137514411743,6268.097356666662,912.64966616141,0.0,0.0,0.9917777384050737,0.002417091093863363,0.9801533786722172,0.005578493360898484,0.01984662132778274,0.005578493360898483,0.0,0.0,0.0,0.0,0.8385224431790268,0.10224409521163454,0.0,0.0,0.0,0.0,121.60257549944967,15.195133342325121,0.0,0.0,0.5030290079106622,0.052726166803815255,102.56759861465629,18.20123192949692,304.6,46.24642008390226,6552.333333333333,2715.250686601349
legacy,qsentry,32.0,60.0,12.0,0.3,8.0,40000.0,250000.0,4.0,0.02,0.0,1.0,inf,False,100.0,True,True,1100,0.9898753342317107,0.005099645471550503,0.47865500460743526,0.056855024449535746,0.47667208608657513,0.057149960133503,114.90657575698715,20.269396755212227,315.26666666666665,54.01661639470976,97.23463663282105,19.741871857434067,295.3333333333333,55.78817936259589,49.29794166666667,0.9910412785266665,384.52451355718404,6.509831425182442,5893.894996666661,1135.2721622265901,0.0,0.0,0.9908874958156837,0.0020092072299946707,0.9785561874419955,0.0048298891615656744,0.021443812558004552,0.004829889161565679,0.0,0.0,0.0,0.0,0.9433063190481398,0.0282252788581365,0.0,0.0,0.0,0.0,114.90657575698715,20.269396755212227,0.0,0.0,0.4870901377834437,0.05653965268789615,98.89747804591583,19.98490232426976,297.0,55.899044463712485,6164.466666666666,3220.1467333533146
legacy,qsentry,32.0,60.0,12.0,0.5,8.0,40000.0,250000.0,4.0,0.02,0.0,1.0,inf,False,100.0,True,True,1100,0.9931685402592255,0.003495716501797211,0.4891465928460589,0.04857741009852917,0.4894849960498391,0.04840170206424503,122.55733629930975,19.58854890846604,321.6,50.62284461851535,99.55296326370977,18.567588019897194,303.8666666666667,51.788481593939835,49.22685833333333,0.939700007402767,382.8727105048562,6.509067880449979,6195.858009999998,1088.0350428283502,0.0,0.0,0.9913973115725753,0.0020089715680401883,0.9800554635260003,0.004441822993542155,0.019944536473999755,0.004441822993542155,0.0,0.0,0.0,0.0,0.9462039290678241,0.04058404849190181,0.0,0.0,0.0,0.0,122.55733629930975,19.58854890846604,0.0,0.0,0.49740820996279445,0.04785687992852927,100.90335603616404,18.65827839292823,305.3333333333333,52.02575512823409,4137.5,2155.301066276269
legacy,qsentry,32.0,60.0,12.0,0.8,8.0,40000.0,250000.0,4.0,0.02,0.0,1.0,inf,False,100.0,True,True,1100,0.9905196272320399,0.0042225867935645565,0.5016758098664079,0.060691805214042174,0.5033082938701045,0.06027302276619949,117.93234414828586,18.508429794322577,303.1333333333333,38.51794860835117,102.2030529344427,19.463731886330965,286.0,42.085418758824176,49.4769,1.0631474185588974,382.7855142549219,8.184023941598195,6061.016436666668,1046.9368285271025,0.0,0.0,0.9914242239953942,0.0025259333153082714,0.9801303564524734,0.00585183530911628,0.01986964354752669,0.005851835309116277,0.0,0.0,0.0,0.0,0.9436614932106538,0.045122401318561066,0.0,0.0,0.0,0.0,117.93234414828586,18.508429794322577,0.0,0.0,0.5094315182242592,0.059947200452092196,103.49216754453602,19.664948062968765,287.4,42.14416769589235,5771.533333333334,2634.251359802883
provisioning,ecdsa-only,32.0,60.0,12.0,0.3,8.0,40000.0,150000.0,4.0,0.02,0.0,1.0,inf,False,100.0,True,True,1100,0.682104351303743,0.013839986602152497,0.9982850672607726,0.0028425649369369457,0.9982623646892522,0.0028769893713297937,2097.2545134520924,131.05127233047378,3431.866666666667,106.48164366524423,2096.6512705489076,130.91989797734647,3431.866666666667,106.57822807099133,33.88545,0.2819814770278263,355.0,0.0,102543.30726333336,7306.199504741545,0.0,0.0,1.0,0.0,1.0,0.0,0.0,0.0,0.0,0.0,0.0,0.0,,,0.0,0.0,0.0,0.0,2097.2545134520924,131.05127233047378,0.0,0.0,0.9982850672607726,0.0028425649369369457,2097.2545134520924,131.05127233047378,3431.866666666667,106.48164366524423,191114.36666666667,11755.605808610673
provisioning,ecdsa-only,32.0,60.0,12.0,0.3,8.0,40000.0,250000.0,4.0,0.02,0.0,1.0,inf,False,100.0,True,True,1100,0.9909423395032183,0.004952866621526722,0.5038300522444084,0.053236074777615806,0.5011138549218432,0.05342782212153685,102.07968049923275,20.04586382767626,302.6666666666667,55.805413344631276,101.64439473760952,20.065390568325743,302.2,55.901659176234176,49.34927777777777,0.977993134756587,355.0,0.0,5173.245176666662,1102.0576467374683,0.0,0.0,1.0,0.0,1.0,0.0,0.0,0.0,0.0,0.0,0.0,0.0,,,0.0,0.0,0.0,0.0,102.07968049923275,20.04586382767626,0.0,0.0,0.5038300522444084,0.053236074777615806,102.07968049923275,20.04586382767626,302.6666666666667,55.805413344631276,5548.433333333333,3125.177827798048
provisioning,ecdsa-only,32.0,60.0,12.0,0.3,8.0,40000.0,400000.0,4.0,0.02,0.0,1.0,inf,False,100.0,True,True,1100,0.9992345016609228,0.0006539882131025775,0.035591951821060085,0.011227396471880658,0.03470151295478429,0.011082597218603128,17.07411345648004,1.1909083564157454,53.93333333333333,5.6697160329539695,16.8171152339651,1.1850139395730848,53.2,5.641207586179267,49.7731,1.0318899523474492,355.0,0.0,799.7082399999998,72.01987343117034,0.0,0.0,1.0,0.0,1.0,0.0,0.0,0.0,0.0,0.0,0.0,0.0,,,0.0,0.0,0.0,0.0,17.07411345648004,1.1909083564157454,0.0,0.0,0.035591951821060085,0.011227396471880658,17.07411345648004,1.1909083564157454,53.93333333333333,5.6697160329539695,462.56666666666666,400.68888235467597
provisioning,ecdsa-only,32.0,60.0,12.0,0.3,8.0,40000.0,600000.0,4.0,0.02,0.0,1.0,inf,False,100.0,True,True,1100,1.0,0.0,0.0,0.0,0.0,0.0,6.600162308223218,0.0017917925170061006,13.0,0.0,6.601752213421778,0.0024870441424616973,13.0,0.0,49.81164722222222,1.0350130262784238,355.0,0.0,268.99396666666667,5.6079138771667205,0.0,0.0,1.0,0.0,1.0,0.0,0.0,0.0,0.0,0.0,0.0,0.0,,,0.0,0.0,0.0,0.0,6.600162308223218,0.0017917925170061006,0.0,0.0,0.0,0.0,6.600162308223218,0.0017917925170061006,13.0,0.0,0.0,0.0
provisioning,ecdsa-only,32.0,60.0,12.0,0.3,8.0,40000.0,900000.0,4.0,0.02,0.0,1.0,inf,False,100.0,True,True,1100,1.0,0.0,0.0,0.0,0.0,0.0,6.600154356859062,0.0017879937654808734,13.0,0.0,6.601752213421778,0.0024870441424616973,13.0,0.0,49.81164722222222,1.0350130262784238,355.0,0.0,268.99356666666665,5.60788338316456,0.0,0.0,1.0,0.0,1.0,0.0,0.0,0.0,0.0,0.0,0.0,0.0,,,0.0,0.0,0.0,0.0,6.600154356859062,0.0017879937654808734,0.0,0.0,0.0,0.0,6.600154356859062,0.0017879937654808734,13.0,0.0,0.0,0.0
provisioning,falcon-only,32.0,60.0,12.0,0.3,8.0,40000.0,150000.0,4.0,0.02,0.0,1.0,inf,False,100.0,True,True,1100,0.10494217148606144,0.0054584788539176156,0.803061340940267,0.008344446995134076,1.0,0.0,7872.655516409188,237.25788321806854,3599.0,0.0,7869.730378104557,236.86322839490262,3599.0,0.0,5.225002777777777,0.2885822770351895,1375.7502793028054,1.2251017469218117,289530.71910999995,7375.71481723843,0.0,0.0,0.6849536174991335,0.00037811782312401895,0.2999110453909284,0.0002368970845134066,0.7000889546090716,0.00023689708451340947,0.0,0.0,0.0,0.0,0.10494652630593297,0.0054728654903086925,0.0,0.0,0.0,0.0,7872.655516409188,237.25788321806854,0.0,0.0,1.0,0.0,7869.730378104557,236.86322839490262,3599.0,0.0,535039.7333333333,11750.909034117964
provisioning,falcon-only,32.0,60.0,12.0,0.3,8.0,40000.0,250000.0,4.0,0.02,0.0,1.0,inf,False,100.0,True,True,1100,0.23917537642257491,0.006340526001267607,0.6410300742576588,0.006107173896020459,1.0,0.0,5797.813969492022,163.86056929265874,3599.0,0.0,5796.730335332614,163.55255247228538,3599.0,0.0,11.890583333333332,0.2879919558635237,1375.6214306170843,0.6419542591490978,245938.36454999994,7370.756748063602,0.0,0.0,0.6849933856120113,0.00019813403060161414,0.2999110453909284,0.0002368970845134066,0.7000889546090716,0.00023689708451340947,0.0,0.0,0.0,0.0,0.23914890348041315,0.006337640150756579,0.0,0.0,0.0,0.0,5797.813969492022,163.86056929265874,0.0,0.0,1.0,0.0,5796.730335332614,163.55255247228538,3599.0,0.0,455052.76666666666,11763.704274022934
provisioning,falcon-only,32.0,60.0,12.0,0.3,8.0,40000.0,400000.0,4.0,0.02,0.0,1.0,inf,False,100.0,True,True,1100,0.4404887240955404,0.009301743397408047,0.4922344041974853,0.005235559271980039,1.0,0.0,3890.241209950643,133.0980122024092,3599.0,0.0,3889.5286347386964,132.93897096243484,3599.0,0.0,21.887636111111114,0.2887030253979957,1375.620724137071,0.4596908483002364,180550.2281966667,7372.2763100089805,0.0,0.0,0.6849936036613978,0.00014187989145079933,0.2999110453909284,0.0002368970845134066,0.7000889546090716,0.00023689708451340947,0.0,0.0,0.0,0.0,0.44044356939288676,0.009315313907341836,0.0,0.0,0.0,0.0,3890.241209950643,133.0980122024092,0.0,0.0,1.0,0.0,3889.5286347386964,132.93897096243484,3599.0,0.0,335088.13333333336,11748.5548706361
provisioning,falcon-only,32.0,60.0,12.0,0.3,8.0,40000.0,600000.0,4.0,0.02,0.0,1.0,inf,False,100.0,True,True,1100,0.7063689024010162,0.01433170123703724,0.37593735277239687,0.004736961911235214,0.9977496242376641,0.0031118088703953628,1933.7932862132009,129.9435143156397,3282.6,149.32387300348634,1933.1998682435528,129.8227351360516,3282.0,149.42331394271278,35.09006111111111,0.27726186552513127,1375.6757353709438,0.3863016722027827,94859.71146,7261.0056858233775,0.0,0.0,0.6849766248855107,0.000119228911173844,0.2999110453909284,0.0002368970845134066,0.7000889546090716,0.00023689708451340947,0.0,0.0,0.0,0.0,0.706329265577041,0.014314368478266502,0.0,0.0,0.0,0.0,1933.7932862132009,129.9435143156397,0.0,0.0,0.9977496242376641,0.0031118088703953628,1933.1998682435528,129.8227351360516,3282.0,149.42331394271278,176659.03333333333,11768.939191256375
provisioning,falcon-only,32.0,60.0,12.0,0.3,8.0,40000.0,900000.0,4.0,0.02,0.0,1.0,inf,False,100.0,True,True,1100,0.9845456133986877,0.007053087432362995,0.19756441959287005,0.019453472205077094,0.6528095304770923,0.06391469529706303,168.0247604276288,34.92611562514419,430.6,80.65534402555303,167.53675212973772,34.92575908066538,430.1333333333333,80.57406022148761,49.02044722222222,0.9277454390535294,1375.7379628782714,0.34729381947383176,8563.154596666662,1899.7504839980877,0.0,0.0,0.6849574188647309,0.00010718945045483952,0.2999110453909284,0.0002368970845134066,0.7000889546090716,0.00023689708451340947,0.0,0.0,0.0,0.0,0.9845522976076786,0.007028629005240029,0.0,0.0,0.0,0.0,168.0247604276288,34.92611562514419,0.0,0.0,0.6528095304770923,0.06391469529706303,167.53675212973772,34.92575908066538,430.1333333333333,80.57406022148761,9494.4,4496.719545397902
provisioning,qsentry,32.0,60.0,12.0,0.3,8.0,40000.0,150000.0,4.0,0.02,0.0,1.0,inf,False,100.0,True,True,1100,0.682104351303743,0.013839986602152497,0.9982850672607726,0.0028425649369369457,0.9982623646892522,0.0028769893713297937,2097.2545134520924,131.05127233047378,3431.866666666667,106.48164366524423,2096.6512705489076,130.91989797734647,3431.866666666667,106.57822807099133,33.88545,0.2819814770278263,355.0,0.0,102543.30726333336,7306.199504741545,0.0,0.0,1.0,0.0,1.0,0.0,0.0,0.0,0.0,0.0,0.0,0.0,,,0.0,0.0,0.0,0.0,2097.2545134520924,131.05127233047378,0.0,0.0,0.9982850672607726,0.0028425649369369457,2097.2545134520924,131.05127233047378,3431.866666666667,106.48164366524423,191114.36666666667,11755.605808610673
provisioning,qsentry,32.0,60.0,12.0,0.3,8.0,40000.0,250000.0,4.0,0.02,0.0,1.0,inf,False,100.0,True,True,1100,0.9898753342317107,0.005099645471550503,0.47865500460743526,0.056855024449535746,0.47667208608657513,0.057149960133503,114.90657575698715,20.269396755212227,315.26666666666665,54.01661639470976,97.23463663282105,19.741871857434067,295.3333333333333,55.78817936259589,49.29794166666667,0.9910412785266665,384.52451355718404,6.509831425182442,5893.894996666661,1135.2721622265901,0.0,0.0,0.9908874958156837,0.0020092072299946707,0.9785561874419955,0.0048298891615656744,0.021443812558004552,0.004829889161565679,0.0,0.0,0.0,0.0,0.9433063190481398,0.0282252788581365,0.0,0.0,0.0,0.0,114.90657575698715,20.269396755212227,0.0,0.0,0.4870901377834437,0.05653965268789615,98.89747804591583,19.98490232426976,297.0,55.899044463712485,6164.466666666666,3220.1467333533146
provisioning,qsentry,32.0,60.0,12.0,0.3,8.0,40000.0,400000.0,4.0,0.02,0.0,1.0,inf,False,100.0,True,True,1100,0.9936099700509449,0.0022204651827632165,0.026678999543155217,0.007652586504193349,0.026719790276809874,0.007837914995374584,50.48032817481803,14.618856097133307,306.6,109.26143346327665,15.909072471627931,0.9219886927639063,49.4,3.7128845572086497,49.48725277777778,0.9916628528250562,464.02560354576497,31.9805855000212,2617.710389999999,802.2741860082476,0.0,0.0,0.9663501223624184,0.00987055108025336,0.9202492225289199,0.023065050343807434,0.07975077747108002,0.023065050343807438,0.0,0.0,0.0,0.0,0.9281452091250507,0.02408134072518745,0.0,0.0,0.0,0.0,50.48032817481803,14.618856097133307,0.0,0.0,0.029940355517742885,0.008924099700375734,16.789346097243392,1.1251344736133948,50.93333333333333,4.092731130752287,3892.733333333333,1365.6746532972418
provisioning,qsentry,32.0,60.0,12.0,0.3,8.0,40000.0,600000.0,4.0,0.02,0.0,1.0,inf,False,100.0,True,True,1100,1.0,0.0,0.0,0.0,0.0,0.0,6.600162308223218,0.0017917925170061006,13.0,0.0,6.601752213421778,0.0024870441424616973,13.0,0.0,49.81164722222222,1.0350130262784238,355.0,0.0,268.99396666666667,5.6079138771667205,0.0,0.0,1.0,0.0,1.0,0.0,0.0,0.0,0.0,0.0,0.0,0.0,,,0.0,0.0,0.0,0.0,6.600162308223218,0.0017917925170061006,0.0,0.0,0.0,0.0,6.600162308223218,0.0017917925170061006,13.0,0.0,0.0,0.0
provisioning,qsentry,32.0,60.0,12.0,0.3,8.0,40000.0,900000.0,4.0,0.02,0.0,1.0,inf,False,100.0,True,True,1100,1.0,0.0,0.0,0.0,0.0,0.0,6.600154356859062,0.0017879937654808734,13.0,0.0,6.601752213421778,0.0024870441424616973,13.0,0.0,49.81164722222222,1.0350130262784238,355.0,0.0,268.99356666666665,5.60788338316456,0.0,0.0,1.0,0.0,1.0,0.0,0.0,0.0,0.0,0.0,0.0,0.0,,,0.0,0.0,0.0,0.0,6.600154356859062,0.0017879937654808734,0.0,0.0,0.0,0.0,6.600154356859062,0.0017879937654808734,13.0,0.0,0.0,0.0
v-sweep,qsentry,32.0,60.0,12.0,0.3,1.0,40000.0,250000.0,4.0,0.02,0.0,1.0,inf,False,100.0,True,True,1100,0.9898753342317107,0.005099645471550503,0.47868323910651217,0.05688456789040679,0.4766941110256639,0.05717520769807147,114.75353673568954,20.29013097774937,315.26666666666665,54.01056339330995,97.23621312366967,19.740509575196956,295.3333333333333,55.78817936259589,49.29794166666667,0.9910412785266665,384.4141651840901,6.497953086202511,5886.576466666661,1136.09415267086,0.0,0.0,0.9909215539555274,0.0020055410759885197,0.978624084351219,0.004825922204577779,0.021375915648781035,0.004825922204577782,0.0,0.0,0.0,0.0,0.9425849966344113,0.02866228279009485,0.0,0.0,0.0,0.0,114.75353673568954,20.29013097774937,0.0,0.0,0.4870851963011818,0.05656914745436476,98.89657134248033,19.98417912933018,297.0,55.899044463712485,6164.466666666666,3220.1467333533146
v-sweep,qsentry,32.0,60.0,12.0,0.3,4.0,40000.0,250000.0,4.0,0.02,0.0,1.0,inf,False,100.0,True,True,1100,0.9898752831002221,0.005099705572864282,0.4786096972282851,0.056873483257492675,0.4766090618968072,0.0571715196454925,114.90775289120052,20.273400865605506,315.2,54.03961754813175,97.22797066033296,19.74301111403134,295.3333333333333,55.78817936259589,49.297938888888886,0.991040380795258,384.5026638136817,6.509372672608376,5894.312776666663,1135.4146641363066,0.0,0.0,0.9908942395636782,0.002009065639694044,0.9785710209857222,0.004829590595755575,0.02142897901427774,0.0048295905957555785,0.0,0.0,0.0,0.0,0.9432651896395717,0.028243196370280416,0.0,0.0,0.0,0.0,114.90775289120052,20.273400865605506,0.0,0.0,0.4870357405265213,0.056557796587654696,98.89090327530015,19.9858394383994,297.0,55.899044463712485,6164.5,3220.1878352055355
v-sweep,qsentry,32.0,60.0,12.0,0.3,8.0,40000.0,250000.0,4.0,0.02,0.0,1.0,inf,False,100.0,True,True,1100,0.9898753342317107,0.005099645471550503,0.47865500460743526,0.056855024449535746,0.47667208608657513,0.057149960133503,114.90657575698715,20.269396755212227,315.26666666666665,54.01661639470976,97.23463663282105,19.741871857434067,295.3333333333333,55.78817936259589,49.29794166666667,0.9910412785266665,384.52451355718404,6.509831425182442,5893.894996666661,1135.2721622265901,0.0,0.0,0.9908874958156837,0.0020092072299946707,0.9785561874419955,0.0048298891615656744,0.021443812558004552,0.004829889161565679,0.0,0.0,0.0,0.0,0.9433063190481398,0.0282252788581365,0.0,0.0,0.0,0.0,114.90657575698715,20.269396755212227,0.0,0.0,0.4870901377834437,0.05653965268789615,98.89747804591583,19.98490232426976,297.0,55.899044463712485,6164.466666666666,3220.1467333533146
v-sweep,qsentry,32.0,60.0,12.0,0.3,20.0,40000.0,250000.0,4.0,0.02,0.0,1.0,inf,False,100.0,True,True,1100,0.9898753853631994,0.005099585371672902,0.47778257637388133,0.05639681495867577,0.47590649258713635,0.056750290809578156,115.82268640388747,20.700797961693137,316.0,54.115866017316975,97.10933342586868,19.676460762411907,295.3333333333333,55.78817936259589,49.29794444444444,0.9910421762898294,384.8247528828671,6.427817473910331,5941.870466666663,1158.2898854544721,0.0,0.0,0.9907948293571395,0.0019838942820711927,0.9783515811069964,0.004771541782025153,0.021648418893003615,0.0047715417820251545,0.0,0.0,0.0,0.0,0.943410212770637,0.02816045652440225,0.0,0.0,0.0,0.0,115.82268640388747,20.700797961693137,0.0,0.0,0.486345074025374,0.056135836602884376,98.79478326078883,19.93026660871745,297.1333333333333,55.887322626386954,6164.433333333333,3220.105632419813
v-sweep,qsentry,32.0,60.0,12.0,0.3,60.0,40000.0,250000.0,4.0,0.02,0.0,1.0,inf,False,100.0,True,True,1100,0.9898753342317107,0.005099645471550503,0.4781738223860226,0.05647931401338238,0.4764360128067964,0.05683095920991552,115.62581262359494,20.65278983717081,315.6,54.151890164641344,97.21774411621128,19.702459663709227,295.46666666666664,55.81974796257896,49.29794166666667,0.9910412785266665,384.99473700856277,6.543686316200316,5929.906569999995,1156.5176872926497,0.0,0.0,0.9907423651208137,0.0020196562704322954,0.9782365514084134,0.004840744231338055,0.021763448591586576,0.004840744231338061,0.0,0.0,0.0,0.0,0.9435603535764999,0.028095404843861076,0.0,0.0,0.0,0.0,115.62581262359494,20.65278983717081,0.0,0.0,0.4867721677915053,0.05620146075870823,98.8960705904109,19.955972811779716,297.2,55.94627965980524,6164.466666666666,3220.1467333533146
verify,ecdsa-only,32.0,60.0,12.0,0.3,8.0,10000.0,250000.0,4.0,0.02,0.0,1.0,inf,False,100.0,True,True,1100,0.9909423395032183,0.004952866621526722,0.5038300522444084,0.053236074777615806,0.5011138549218432,0.05342782212153685,102.07968049923275,20.04586382767626,302.6666666666667,55.805413344631276,101.64439473760952,20.065390568325743,302.2,55.901659176234176,49.34927777777777,0.977993134756587,355.0,0.0,5173.245176666662,1102.0576467374683,0.0,0.0,1.0,0.0,1.0,0.0,0.0,0.0,0.0,0.0,0.0,0.0,,,0.0,0.0,0.0,0.0,102.07968049923275,20.04586382767626,0.0,0.0,0.5038300522444084,0.053236074777615806,102.07968049923275,20.04586382767626,302.6666666666667,55.805413344631276,5548.433333333333,3125.177827798048
verify,ecdsa-only,32.0,60.0,12.0,0.3,8.0,20000.0,250000.0,4.0,0.02,0.0,1.0,inf,False,100.0,True,True,1100,0.9909423395032183,0.004952866621526722,0.5038300522444084,0.053236074777615806,0.5011138549218432,0.05342782212153685,102.07968049923275,20.04586382767626,302.6666666666667,55.805413344631276,101.64439473760952,20.065390568325743,302.2,55.901659176234176,49.34927777777777,0.977993134756587,355.0,0.0,5173.245176666662,1102.0576467374683,0.0,0.0,1.0,0.0,1.0,0.0,0.0,0.0,0.0,0.0,0.0,0.0,,,0.0,0.0,0.0,0.0,102.07968049923275,20.04586382767626,0.0,0.0,0.5038300522444084,0.053236074777615806,102.07968049923275,20.04586382767626,302.6666666666667,55.805413344631276,5548.433333333333,3125.177827798048
verify,ecdsa-only,32.0,60.0,12.0,0.3,8.0,40000.0,250000.0,4.0,0.02,0.0,1.0,inf,False,100.0,True,True,1100,0.9909423395032183,0.004952866621526722,0.5038300522444084,0.053236074777615806,0.5011138549218432,0.05342782212153685,102.07968049923275,20.04586382767626,302.6666666666667,55.805413344631276,101.64439473760952,20.065390568325743,302.2,55.901659176234176,49.34927777777777,0.977993134756587,355.0,0.0,5173.245176666662,1102.0576467374683,0.0,0.0,1.0,0.0,1.0,0.0,0.0,0.0,0.0,0.0,0.0,0.0,,,0.0,0.0,0.0,0.0,102.07968049923275,20.04586382767626,0.0,0.0,0.5038300522444084,0.053236074777615806,102.07968049923275,20.04586382767626,302.6666666666667,55.805413344631276,5548.433333333333,3125.177827798048
verify,qsentry,32.0,60.0,12.0,0.3,8.0,10000.0,250000.0,4.0,0.02,0.0,1.0,inf,False,100.0,True,True,1100,0.9898753342317107,0.005099645471550503,0.47865500460743526,0.056855024449535746,0.47667208608657513,0.057149960133503,114.90657575698715,20.269396755212227,315.26666666666665,54.01661639470976,97.23463663282105,19.741871857434067,295.3333333333333,55.78817936259589,49.29794166666667,0.9910412785266665,384.52451355718404,6.509831425182442,5893.894996666661,1135.2721622265901,0.0,0.0,0.9908874958156837,0.0020092072299946707,0.9785561874419955,0.0048298891615656744,0.021443812558004552,0.004829889161565679,0.0,0.0,0.0,0.0,0.9433063190481398,0.0282252788581365,0.0,0.0,0.0,0.0,114.90657575698715,20.269396755212227,0.0,0.0,0.4870901377834437,0.05653965268789615,98.89747804591583,19.98490232426976,297.0,55.899044463712485,6164.466666666666,3220.1467333533146
verify,qsentry,32.0,60.0,12.0,0.3,8.0,20000.0,250000.0,4.0,0.02,0.0,1.0,inf,False,100.0,True,True,1100,0.9898753342317107,0.005099645471550503,0.47865500460743526,0.056855024449535746,0.47667208608657513,0.057149960133503,114.90657575698715,20.269396755212227,315.26666666666665,54.01661639470976,97.23463663282105,19.741871857434067,295.3333333333333,55.78817936259589,49.29794166666667,0.9910412785266665,384.52451355718404,6.509831425182442,5893.894996666661,1135.2721622265901,0.0,0.0,0.9908874958156837,0.0020092072299946707,0.9785561874419955,0.0048298891615656744,0.021443812558004552,0.004829889161565679,0.0,0.0,0.0,0.0,0.9433063190481398,0.0282252788581365,0.0,0.0,0.0,0.0,114.90657575698715,20.269396755212227,0.0,0.0,0.4870901377834437,0.05653965268789615,98.89747804591583,19.98490232426976,297.0,55.899044463712485,6164.466666666666,3220.1467333533146
verify,qsentry,32.0,60.0,12.0,0.3,8.0,40000.0,250000.0,4.0,0.02,0.0,1.0,inf,False,100.0,True,True,1100,0.9898753342317107,0.005099645471550503,0.47865500460743526,0.056855024449535746,0.47667208608657513,0.057149960133503,114.90657575698715,20.269396755212227,315.26666666666665,54.01661639470976,97.23463663282105,19.741871857434067,295.3333333333333,55.78817936259589,49.29794166666667,0.9910412785266665,384.52451355718404,6.509831425182442,5893.894996666661,1135.2721622265901,0.0,0.0,0.9908874958156837,0.0020092072299946707,0.9785561874419955,0.0048298891615656744,0.021443812558004552,0.004829889161565679,0.0,0.0,0.0,0.0,0.9433063190481398,0.0282252788581365,0.0,0.0,0.0,0.0,114.90657575698715,20.269396755212227,0.0,0.0,0.4870901377834437,0.05653965268789615,98.89747804591583,19.98490232426976,297.0,55.899044463712485,6164.466666666666,3220.1467333533146
